all_ingredient,"1,2-propanediol(%)",100% hydrolysed pva(mg/ml),80% hydrolysed pva(mg/ml),acetamide(M),antibiotic(%),autologous plasma(%),betaine(%),bsa(%),cooh-pll(%),creatine(mM),dextran(%),dextran-40(%),dmso(%),ectoin(%),eg(%),emea-fbs(%),ethyleneglycol(%),fbs(%),ficoll 70(%),fs(%),glucose(mM),glycerol(mM),ha(%),has(%),hes(%),hes450(%),hmw-ha(%),hs(%),hsa(%),maltose(mol/L),mannitol(mM),mc(%),p1(mg/ml),p2(mg/ml),p3(mg/ml),p4(mg/ml),peg 1.5k(%),peg 1000(mg/ml),peg 10k(%),peg 1k(%),peg 20k(%),peg 400(%),peg 5000(mg/ml),peg 5k(%),peg 600(%),peg(%),pentaisomaltose(%),pl(%),polyampholyte(mg/ml),proh(%),proline(%),propylene glycol(M),pvp(%),raffinose(mM),rock inhibitor(µM),s1p(µM),sericin(%),storage protein 2(mg/ml),sucrose(mM),taurine(mM),trehalose(mM),viability,recovery,doubling time,cooling rate
300 mM Ethylene glycol + 1 mM Taurine + 1% Ectoine,,,,,,,,,,,,,,1.0,,,,,,,,,,,,,,,,,,,,,,,,,,,,,,,,,,,,,,,,,,,,,,1.0,,0.96,0.21,,slow_freeze
0.25 M trehalose,,,,,,,,,,,,,,,,,,,,,,,,,,,,,,,,,,,,,,,,,,,,,,,,,,,,,,,,,,,,,250.0,0.125,,1.0,slow_freeze
5% DMSO,,,,,,,,,,,,,5.0,,,,,,,,,,,,,,,,,,,,,,,,,,,,,,,,,,,,,,,,,,,,,,,,,0.71,,1.0,slow_freeze
10% DMSO,,,,,,,,,,,,,10.0,,,,,,,,,,,,,,,,,,,,,,,,,,,,,,,,,,,,,,,,,,,,,,,,,0.82,,1.0,slow_freeze
5% DMSO + 20% FBS,,,,,,,,,,,,,5.0,,,,,20.0,,,,,,,,,,,,,,,,,,,,,,,,,,,,,,,,,,,,,,,,,,,,0.82,,1.0,slow_freeze
10% DMSO + 20% FBS,,,,,,,,,,,,,10.0,,,,,20.0,,,,,,,,,,,,,,,,,,,,,,,,,,,,,,,,,,,,,,,,,,,,0.84,,1.0,slow_freeze
10% DMSO + 90% FBS,,,,,,,,,,,,,10.0,,,,,90.0,,,,,,,,,,,,,,,,,,,,,,,,,,,,,,,,,,,,,,,,,,,,0.82,,1.0,slow_freeze
10% fetal calf serum + 5% DMSO,,,,,,,,,,,,,5.0,,,,,10.0,,,,,,,,,,,,,,,,,,,,,,,,,,,,,,,,,,,,,,,,,,,,0.6625,,,slow_freeze
10 µM S1P + 0.05 M glucose + 0.05 M sucrose + 1.5 M ethylene glycol,,,,,,,,,,,,,,,,,,,,,50.0,,,,,,,,,,,,,,,,,,,,,,,,,,,,,,,,,,,10.0,,,50.0,,,0.914,,1.0,slow_freeze
10% DMSO + 10% FBS,,,,,,,,,,,,,10.0,,,,,10.0,,,,,,,,,,,,,,,,,,,,,,,,,,,,,,,,,,,,,,,,,,,,0.857,,37.63,slow_freeze
0.05 M glucose + 0.05 M sucrose + 1.5 M ethylene glycol,,,,,,,,,,,,,,,,,,,,,50.0,,,,,,,,,,,,,,,,,,,,,,,,,,,,,,,,,,,,,,50.0,,,0.84,,37.8,slow_freeze
10% Me2SO + 4% human albumin,,,,,,,,,,,,,10.0,,,,,,,,,,,,,,,,4.0,,,,,,,,,,,,,,,,,,,,,,,,,,,,,,,,,0.952,0.9,10.0,slow_freeze
1% Me2SO + 10% pentaisomaltose + 4% HA,,,,,,,,,,,,,1.0,,,,,,,,,,4.0,,,,,,,,,,,,,,,,,,,,,,,,10.0,,,,,,,,,,,,,,,,0.9356,10.0,slow_freeze
2% Me2SO + 10% pentaisomaltose + 4% HA,,,,,,,,,,,,,2.0,,,,,,,,,,4.0,,,,,,,,,,,,,,,,,,,,,,,,10.0,,,,,,,,,,,,,,,0.957,0.938,10.0,slow_freeze
2.5% DMSO + 30 mmol/L trehalose,,,,,,,,,,,,,2.5,,,,,,,,,,,,,,,,,,,,,,,,,,,,,,,,,,,,,,,,,,,,,,,,,0.9418,0.9118,36.14,multi_freeze
10% ethyleneglycol + 2.0% DMSO,,,,,,,,,,,,,2.0,,,,10.0,,,,,,,,,,,,,,,,,,,,,,,,,,,,,,,,,,,,,,,,,,,,,0.9235,0.8735,36.14,multi_freeze
10% DMSO + 2.0% dextran-40,,,,,,,,,,,,2.0,10.0,,,,,,,,,,,,,,,,,,,,,,,,,,,,,,,,,,,,,,,,,,,,,,,,,0.8943,0.8243,36.14,multi_freeze
1% HAS + 3.5% DMSO + 2.5% HES,,,,,,,,,,,,,3.5,,,,,,,,,,,1.0,2.5,,,,,,,,,,,,,,,,,,,,,,,,,,,,,,,,,,,,,0.68,0.796,,slow_freeze
5% DMSO + 6% HES,,,,,,,,,,,,,5.0,,,,,,,,,,,,6.0,,,,,,,,,,,,,,,,,,,,,,,,,,,,,,,,,,,,,0.8225,0.967,,slow_freeze
10% DMSO,,,,,,,,,,,,,10.0,,,,,,,,,,,,,,,,,,,,,,,,,,,,,,,,,,,,,,,,,,,,,,,,,0.98,0.629,,slow_freeze
5% DMSO + 6% HES,,,,,,,,,,,,,5.0,,,,,,,,,,,,6.0,,,,,,,,,,,,,,,,,,,,,,,,,,,,,,,,,,,,,,0.866,,slow_freeze
5% DMSO + 6% HES,,,,,,,,,,,,,5.0,,,,,,,,,,,,6.0,,,,,,,,,,,,,,,,,,,,,,,,,,,,,,,,,,,,,,1.0,,slow_freeze
10% DMSO,,,,,,,,,,,,,10.0,,,,,,,,,,,,,,,,,,,,,,,,,,,,,,,,,,,,,,,,,,,,,,,,,0.9,0.86,,slow_freeze
5% DMSO,,,,,,,,,,,,,5.0,,,,,,,,,,,,,,,,,,,,,,,,,,,,,,,,,,,,,,,,,,,,,,,,,0.847,0.86,,slow_freeze
5% DMSO,,,,,,,,,,,,,5.0,,,,,,,,,,,,,,,,,,,,,,,,,,,,,,,,,,,,,,,,,,,,,,,,,0.78,0.91,,slow_freeze
10% DMSO + 10% FBS,,,,,,,,,,,,,10.0,,,,,10.0,,,,,,,,,,,,,,,,,,,,,,,,,,,,,,,,,,,,,,,,,,,,0.73,,55.49,multi_freeze
10% PVP + 10% FBS,,,,,,,,,,,,,,,,,,10.0,,,,,,,,,,,,,,,,,,,,,,,,,,,,,,,,,,,10.0,,,,,,,,,0.74,,55.13,multi_freeze
10% FBS + 0.05 M glucose + 0.05 M sucrose + 1.5 M ethylene glycol,,,,,,,,,,,,,,,,,,10.0,,,50.0,,,,,,,,,,,,,,,,,,,,,,,,,,,,,,,,,,,,,,50.0,,,0.66,,55.79,multi_freeze
10% PVP,,,,,,,,,,,,,,,,,,,,,,,,,,,,,,,,,,,,,,,,,,,,,,,,,,,,,10.0,,,,,,,,,0.4,,,multi_freeze
0.05 M glucose + 0.05 M sucrose + 1.5 M ethylene glycol + 0% FBS,,,,,,,,,,,,,,,,,,,,,50.0,,,,,,,,,,,,,,,,,,,,,,,,,,,,,,,,,,,,,,50.0,,,0.5,,,multi_freeze
10% DMSO,,,,,,,,,,,,,10.0,,,,,,,,,,,,,,,,,,,,,,,,,,,,,,,,,,,,,,,,,,,,,,,,,0.58,,,multi_freeze
3.5% DMSO + 1% human serum albumin + 2.5% HES,,,,,,,,,,,,,3.5,,,,,,,,,,,,2.5,,,,1.0,,,,,,,,,,,,,,,,,,,,,,,,,,,,,,,,,,0.475,,slow_freeze
10% HES450,,,,,,,,,,,,,,,,,,,,,,,,,,10.0,,,,,,,,,,,,,,,,,,,,,,,,,,,,,,,,,,,,0.1,,,slow_freeze
1% DMSO + 9% HES450,,,,,,,,,,,,,1.0,,,,,,,,,,,,,9.0,,,,,,,,,,,,,,,,,,,,,,,,,,,,,,,,,,,,0.17,,,slow_freeze
2% DMSO + 8% HES450,,,,,,,,,,,,,2.0,,,,,,,,,,,,,8.0,,,,,,,,,,,,,,,,,,,,,,,,,,,,,,,,,,,,0.2,,,slow_freeze
3% DMSO + 7% HES450,,,,,,,,,,,,,3.0,,,,,,,,,,,,,7.0,,,,,,,,,,,,,,,,,,,,,,,,,,,,,,,,,,,,0.22,,,slow_freeze
4% DMSO + 6% HES450,,,,,,,,,,,,,4.0,,,,,,,,,,,,,6.0,,,,,,,,,,,,,,,,,,,,,,,,,,,,,,,,,,,,0.5,,,slow_freeze
5% DMSO + 5% HES450,,,,,,,,,,,,,5.0,,,,,,,,,,,,,5.0,,,,,,,,,,,,,,,,,,,,,,,,,,,,,,,,,,,,0.8,,,slow_freeze
6% DMSO + 4% HES450,,,,,,,,,,,,,6.0,,,,,,,,,,,,,4.0,,,,,,,,,,,,,,,,,,,,,,,,,,,,,,,,,,,,0.7,,,slow_freeze
7% DMSO + 3% HES450,,,,,,,,,,,,,7.0,,,,,,,,,,,,,3.0,,,,,,,,,,,,,,,,,,,,,,,,,,,,,,,,,,,,1.0,,,slow_freeze
8% DMSO + 2% HES450,,,,,,,,,,,,,8.0,,,,,,,,,,,,,2.0,,,,,,,,,,,,,,,,,,,,,,,,,,,,,,,,,,,,1.0,,,slow_freeze
9% DMSO + 1% HES450,,,,,,,,,,,,,9.0,,,,,,,,,,,,,1.0,,,,,,,,,,,,,,,,,,,,,,,,,,,,,,,,,,,,0.8,,,slow_freeze
10% DMSO,,,,,,,,,,,,,10.0,,,,,,,,,,,,,,,,,,,,,,,,,,,,,,,,,,,,,,,,,,,,,,,,,0.9,,,slow_freeze
200 mM sucrose + 10% PL,,,,,,,,,,,,,,,,,,,,,,,,,,,,,,,,,,,,,,,,,,,,,,,,10.0,,,,,,,,,,,200.0,,,0.58,0.55,42.0,slow_freeze
200 mM sucrose + 10% FS,,,,,,,,,,,,,,,,,,,,10.0,,,,,,,,,,,,,,,,,,,,,,,,,,,,,,,,,,,,,,,200.0,,,0.45,0.45,89.2,slow_freeze
30% FBS + 5% DMSO,,,,,,,,,,,,,5.0,,,,,30.0,,,,,,,,,,,,,,,,,,,,,,,,,,,,,,,,,,,,,,,,,,,,0.8507,,,slow_freeze
4.5% HAS,,,,,,,,,,,,,,,,,,,,,,,,4.5,,,,,,,,,,,,,,,,,,,,,,,,,,,,,,,,,,,,,,0.0516,,,slow_freeze
0.5% DMSO + 99.5% HAS,,,,,,,,,,,,,0.5,,,,,,,,,,,99.5,,,,,,,,,,,,,,,,,,,,,,,,,,,,,,,,,,,,,,0.22,,,slow_freeze
1% DMSO + 99% HAS,,,,,,,,,,,,,1.0,,,,,,,,,,,99.0,,,,,,,,,,,,,,,,,,,,,,,,,,,,,,,,,,,,,,0.28,,,slow_freeze
2% DMSO + 98% HAS,,,,,,,,,,,,,2.0,,,,,,,,,,,98.0,,,,,,,,,,,,,,,,,,,,,,,,,,,,,,,,,,,,,,0.65,,,slow_freeze
4% DMSO + 96% HAS,,,,,,,,,,,,,4.0,,,,,,,,,,,96.0,,,,,,,,,,,,,,,,,,,,,,,,,,,,,,,,,,,,,,0.68,,,slow_freeze
5% DMSO + 95% HAS,,,,,,,,,,,,,5.0,,,,,,,,,,,95.0,,,,,,,,,,,,,,,,,,,,,,,,,,,,,,,,,,,,,,0.8565,,,slow_freeze
10% DMSO + 90% HAS,,,,,,,,,,,,,10.0,,,,,,,,,,,90.0,,,,,,,,,,,,,,,,,,,,,,,,,,,,,,,,,,,,,,0.885,,,slow_freeze
15% DMSO + 85% HAS,,,,,,,,,,,,,15.0,,,,,,,,,,,85.0,,,,,,,,,,,,,,,,,,,,,,,,,,,,,,,,,,,,,,0.706,,,slow_freeze
20% DMSO + 80% HAS,,,,,,,,,,,,,20.0,,,,,,,,,,,80.0,,,,,,,,,,,,,,,,,,,,,,,,,,,,,,,,,,,,,,0.641,,,slow_freeze
0.3 M Trehalose,,,,,,,,,,,,,,,,,,,,,,,,,,,,,,,,,,,,,,,,,,,,,,,,,,,,,,,,,,,,,300.0,0.47,,,slow_freeze
0.6 M Trehalose,,,,,,,,,,,,,,,,,,,,,,,,,,,,,,,,,,,,,,,,,,,,,,,,,,,,,,,,,,,,,600.0,0.56,,,slow_freeze
1.0 M Trehalose,,,,,,,,,,,,,,,,,,,,,,,,,,,,,,,,,,,,,,,,,,,,,,,,,,,,,,,,,,,,,1000.0,0.65,,,slow_freeze
1.25 M Trehalose,,,,,,,,,,,,,,,,,,,,,,,,,,,,,,,,,,,,,,,,,,,,,,,,,,,,,,,,,,,,,1250.0,0.58,,,slow_freeze
10% Glycerol,,,,,,,,,,,,,,,,,,,,,,,,,,,,,,,,,,,,,,,,,,,,,,,,,,,,,,,,,,,,,,0.54,,,slow_freeze
20% Glycerol,,,,,,,,,,,,,,,,,,,,,,,,,,,,,,,,,,,,,,,,,,,,,,,,,,,,,,,,,,,,,,0.63,,,slow_freeze
30% Glycerol,,,,,,,,,,,,,,,,,,,,,,,,,,,,,,,,,,,,,,,,,,,,,,,,,,,,,,,,,,,,,,0.5,,,slow_freeze
1.0 M Trehalose + 20% Glycerol,,,,,,,,,,,,,,,,,,,,,,,,,,,,,,,,,,,,,,,,,,,,,,,,,,,,,,,,,,,,,1000.0,0.77,,,slow_freeze
10% DMSO + 90% FBS,,,,,,,,,,,,,10.0,,,,,90.0,,,,,,,,,,,,,,,,,,,,,,,,,,,,,,,,,,,,,,,,,,,,0.75,,,slow_freeze
10% DMSO,,,,,,,,,,,,,10.0,,,,,,,,,,,,,,,,,,,,,,,,,,,,,,,,,,,,,,,,,,,,,,,,,0.8,,,slow_freeze
7.5% DMSO,,,,,,,,,,,,,7.5,,,,,,,,,,,,,,,,,,,,,,,,,,,,,,,,,,,,,,,,,,,,,,,,,0.84,,,slow_freeze
7.5% DMSO + 2.5% PEG,,,,,,,,,,,,,7.5,,,,,,,,,,,,,,,,,,,,,,,,,,,,,,,,,2.5,,,,,,,,,,,,,,,,0.87,,,slow_freeze
10% PROH,,,,,,,,,,,,,,,,,,,,,,,,,,,,,,,,,,,,,,,,,,,,,,,,,,10.0,,,,,,,,,,,,0.56,,,slow_freeze
7.5% PROH + 2.5% PEG,,,,,,,,,,,,,,,,,,,,,,,,,,,,,,,,,,,,,,,,,,,,,,2.5,,,,7.5,,,,,,,,,,,,0.74,,,slow_freeze
10% DMSO + 30% FBS,,,,,,,,,,,,,10.0,,,,,30.0,,,,,,,,,,,,,,,,,,,,,,,,,,,,,,,,,,,,,,,,,,,,0.92,0.51,,slow_freeze
2.5% DMSO + 30% FBS,,,,,,,,,,,,,2.5,,,,,30.0,,,,,,,,,,,,,,,,,,,,,,,,,,,,,,,,,,,,,,,,,,,,0.47,0.17,,slow_freeze
2.5% DMSO + 30% FBS + 20 mg/ml polyampholyte,,,,,,,,,,,,,2.5,,,,,30.0,,,,,,,,,,,,,,,,,,,,,,,,,,,,,,,20.0,,,,,,,,,,,,,0.76,0.3,,slow_freeze
20% FBS + 5% DMSO,,,,,,,,,,,,,5.0,,,,,20.0,,,,,,,,,,,,,,,,,,,,,,,,,,,,,,,,,,,,,,,,,,,,0.87,,30.0,slow_freeze
20% FBS + 10% DMSO,,,,,,,,,,,,,10.0,,,,,20.0,,,,,,,,,,,,,,,,,,,,,,,,,,,,,,,,,,,,,,,,,,,,0.95,,30.0,slow_freeze
20% FBS + 5% Glycerol,,,,,,,,,,,,,,,,,,20.0,,,,,,,,,,,,,,,,,,,,,,,,,,,,,,,,,,,,,,,,,,,,0.78,,30.0,slow_freeze
20% FBS + 10% Glycerol,,,,,,,,,,,,,,,,,,20.0,,,,,,,,,,,,,,,,,,,,,,,,,,,,,,,,,,,,,,,,,,,,0.83,,30.0,slow_freeze
20% FBS + 30 mM Sucrose,,,,,,,,,,,,,,,,,,20.0,,,,,,,,,,,,,,,,,,,,,,,,,,,,,,,,,,,,,,,,,30.0,,,0.21,,30.0,slow_freeze
20% FBS + 60 mM Sucrose,,,,,,,,,,,,,,,,,,20.0,,,,,,,,,,,,,,,,,,,,,,,,,,,,,,,,,,,,,,,,,60.0,,,0.28,,30.0,slow_freeze
20% FBS + 60 mM Trehalose,,,,,,,,,,,,,,,,,,20.0,,,,,,,,,,,,,,,,,,,,,,,,,,,,,,,,,,,,,,,,,,,60.0,0.36,,30.0,slow_freeze
20% FBS + 100 mM Trehalose,,,,,,,,,,,,,,,,,,20.0,,,,,,,,,,,,,,,,,,,,,,,,,,,,,,,,,,,,,,,,,,,100.0,0.38,,30.0,slow_freeze
10% DMSO + 10% FBS,,,,,,,,,,,,,10.0,,,,,10.0,,,,,,,,,,,,,,,,,,,,,,,,,,,,,,,,,,,,,,,,,,,,0.297,,,slow_freeze
0.05 M glucose + 0.05 M sucrose + 1.5 M ethylene glycol,,,,,,,,,,,,,,,,,,,,,50.0,,,,,,,,,,,,,,,,,,,,,,,,,,,,,,,,,,,,,,50.0,,,0.327,,,slow_freeze
10% DMSO + 10% FBS,,,,,,,,,,,,,10.0,,,,,10.0,,,,,,,,,,,,,,,,,,,,,,,,,,,,,,,,,,,,,,,,,,,,0.353,,,multi_freeze
0.05 M glucose + 0.05 M sucrose + 1.5 M ethylene glycol,,,,,,,,,,,,,,,,,,,,,50.0,,,,,,,,,,,,,,,,,,,,,,,,,,,,,,,,,,,,,,50.0,,,0.793,,,multi_freeze
80% HS + 10% DMSO,,,,,,,,,,,,,10.0,,,,,,,,,,,,,,,80.0,,,,,,,,,,,,,,,,,,,,,,,,,,,,,,,,,,0.825,,,slow_freeze
80% FCS + 10% DMSO,,,,,,,,,,,,,10.0,,,,,80.0,,,,,,,,,,,,,,,,,,,,,,,,,,,,,,,,,,,,,,,,,,,,0.841,,,slow_freeze
1% PVP,,,,,,,,,,,,,,,,,,,,,,,,,,,,,,,,,,,,,,,,,,,,,,,,,,,,,1.0,,,,,,,,,0.057,,,slow_freeze
5% PVP,,,,,,,,,,,,,,,,,,,,,,,,,,,,,,,,,,,,,,,,,,,,,,,,,,,,,5.0,,,,,,,,,0.493,,,slow_freeze
10% PVP,,,,,,,,,,,,,,,,,,,,,,,,,,,,,,,,,,,,,,,,,,,,,,,,,,,,,10.0,,,,,,,,,0.697,,,slow_freeze
20% PVP,,,,,,,,,,,,,,,,,,,,,,,,,,,,,,,,,,,,,,,,,,,,,,,,,,,,,20.0,,,,,,,,,0.555,,,slow_freeze
40% PVP,,,,,,,,,,,,,,,,,,,,,,,,,,,,,,,,,,,,,,,,,,,,,,,,,,,,,40.0,,,,,,,,,0.046,,,slow_freeze
5% PVP + 10% HS,,,,,,,,,,,,,,,,,,,,,,,,,,,,10.0,,,,,,,,,,,,,,,,,,,,,,,,,5.0,,,,,,,,,0.532,,,slow_freeze
10% PVP + 10% HS,,,,,,,,,,,,,,,,,,,,,,,,,,,,10.0,,,,,,,,,,,,,,,,,,,,,,,,,10.0,,,,,,,,,0.721,,,slow_freeze
20% PVP + 10% HS,,,,,,,,,,,,,,,,,,,,,,,,,,,,10.0,,,,,,,,,,,,,,,,,,,,,,,,,20.0,,,,,,,,,0.618,,,slow_freeze
5% PVP + 10% FCS,,,,,,,,,,,,,,,,,,10.0,,,,,,,,,,,,,,,,,,,,,,,,,,,,,,,,,,,5.0,,,,,,,,,0.554,,,slow_freeze
10% PVP + 10% FCS,,,,,,,,,,,,,,,,,,10.0,,,,,,,,,,,,,,,,,,,,,,,,,,,,,,,,,,,10.0,,,,,,,,,0.692,,,slow_freeze
20% PVP + 10% FCS,,,,,,,,,,,,,,,,,,10.0,,,,,,,,,,,,,,,,,,,,,,,,,,,,,,,,,,,20.0,,,,,,,,,0.643,,,slow_freeze
10% PVP + 40% FCS,,,,,,,,,,,,,,,,,,40.0,,,,,,,,,,,,,,,,,,,,,,,,,,,,,,,,,,,10.0,,,,,,,,,0.705,,,slow_freeze
10% PVP + 80% FCS,,,,,,,,,,,,,,,,,,80.0,,,,,,,,,,,,,,,,,,,,,,,,,,,,,,,,,,,10.0,,,,,,,,,0.725,,,slow_freeze
0.5 M Trehalose,,,,,,,,,,,,,,,,,,,,,,,,,,,,,,,,,,,,,,,,,,,,,,,,,,,,,,,,,,,,,500.0,,,,slow_freeze
0.5 M Trehalose + 2.5% ethylene glycol,,,,,,,,,,,,,,,2.5,,,,,,,,,,,,,,,,,,,,,,,,,,,,,,,,,,,,,,,,,,,,,,500.0,,,,slow_freeze
0.5 M Trehalose + 10% ethylene glycol,,,,,,,,,,,,,,,10.0,,,,,,,,,,,,,,,,,,,,,,,,,,,,,,,,,,,,,,,,,,,,,,500.0,,,,slow_freeze
0.5 M Trehalose + 10% Glycerol,,,,,,,,,,,,,,,,,,,,,,,,,,,,,,,,,,,,,,,,,,,,,,,,,,,,,,,,,,,,,500.0,,,,slow_freeze
0.5 M Trehalose,,,,,,,,,,,,,,,,,,,,,,,,,,,,,,,,,,,,,,,,,,,,,,,,,,,,,,,,,,,,,500.0,,,,slow_freeze
0.5 M Trehalose + 2.5% ethylene glycol,,,,,,,,,,,,,,,2.5,,,,,,,,,,,,,,,,,,,,,,,,,,,,,,,,,,,,,,,,,,,,,,500.0,,,,slow_freeze
0.5 M Trehalose + 10% ethylene glycol,,,,,,,,,,,,,,,10.0,,,,,,,,,,,,,,,,,,,,,,,,,,,,,,,,,,,,,,,,,,,,,,500.0,,,,slow_freeze
0.5 M Trehalose + 10% Glycerol,,,,,,,,,,,,,,,,,,,,,,,,,,,,,,,,,,,,,,,,,,,,,,,,,,,,,,,,,,,,,500.0,,,,slow_freeze
0.5 M Trehalose,,,,,,,,,,,,,,,,,,,,,,,,,,,,,,,,,,,,,,,,,,,,,,,,,,,,,,,,,,,,,500.0,,,,slow_freeze
0.5 M Trehalose + 2.5% ethylene glycol,,,,,,,,,,,,,,,2.5,,,,,,,,,,,,,,,,,,,,,,,,,,,,,,,,,,,,,,,,,,,,,,500.0,,,,slow_freeze
0.5 M Trehalose + 10% ethylene glycol,,,,,,,,,,,,,,,10.0,,,,,,,,,,,,,,,,,,,,,,,,,,,,,,,,,,,,,,,,,,,,,,500.0,,,,slow_freeze
0.5 M Trehalose + 10% Glycerol,,,,,,,,,,,,,,,,,,,,,,,,,,,,,,,,,,,,,,,,,,,,,,,,,,,,,,,,,,,,,500.0,,,,slow_freeze
10% DMSO + 0.1 mol/L maltose + 1% sericin,,,,,,,,,,,,,10.0,,,,,,,,,,,,,,,,,0.1,,,,,,,,,,,,,,,,,,,,,,,,,,,1.0,,,,,0.95,,,slow_freeze
80% HS + 10% DMSO,,,,,,,,,,,,,10.0,,,,,,,,,,,,,,,80.0,,,,,,,,,,,,,,,,,,,,,,,,,,,,,,,,,,0.825,,,slow_freeze
80% FCS + 10% DMSO,,,,,,,,,,,,,10.0,,,,,80.0,,,,,,,,,,,,,,,,,,,,,,,,,,,,,,,,,,,,,,,,,,,,0.841,,,slow_freeze
2% DMSO,,,,,,,,,,,,,2.0,,,,,,,,,,,,,,,,,,,,,,,,,,,,,,,,,,,,,,,,,,,,,,,,,0.838,,,slow_freeze
4% DMSO,,,,,,,,,,,,,4.0,,,,,,,,,,,,,,,,,,,,,,,,,,,,,,,,,,,,,,,,,,,,,,,,,0.806,,,slow_freeze
6% DMSO,,,,,,,,,,,,,6.0,,,,,,,,,,,,,,,,,,,,,,,,,,,,,,,,,,,,,,,,,,,,,,,,,0.86,,,slow_freeze
8% DMSO,,,,,,,,,,,,,8.0,,,,,,,,,,,,,,,,,,,,,,,,,,,,,,,,,,,,,,,,,,,,,,,,,0.856,,,slow_freeze
10% DMSO,,,,,,,,,,,,,10.0,,,,,,,,,,,,,,,,,,,,,,,,,,,,,,,,,,,,,,,,,,,,,,,,,0.879,,,slow_freeze
1% MC,,,,,,,,,,,,,,,,,,,,,,,,,,,,,,,,1.0,,,,,,,,,,,,,,,,,,,,,,,,,,,,,,0.468,,,slow_freeze
1% MC + 10% HS,,,,,,,,,,,,,,,,,,,,,,,,,,,,10.0,,,,1.0,,,,,,,,,,,,,,,,,,,,,,,,,,,,,,0.4,,,slow_freeze
1% MC + 10% FCS,,,,,,,,,,,,,,,,,,10.0,,,,,,,,,,,,,,1.0,,,,,,,,,,,,,,,,,,,,,,,,,,,,,,0.4,,,slow_freeze
1% MC + 10% DMSO,,,,,,,,,,,,,10.0,,,,,,,,,,,,,,,,,,,1.0,,,,,,,,,,,,,,,,,,,,,,,,,,,,,,0.798,,,slow_freeze
10% DMSO,,,,,,,,,,,,,10.0,,,,,,,,,,,,,,,,,,,,,,,,,,,,,,,,,,,,,,,,,,,,,,,,,0.827,,,slow_freeze
10% DMSO + 10% FBS,,,,,,,,,,,,,10.0,,,,,10.0,,,,,,,,,,,,,,,,,,,,,,,,,,,,,,,,,,,,,,,,,,,,0.838,,,slow_freeze
10% DMSO + 90% FBS,,,,,,,,,,,,,10.0,,,,,90.0,,,,,,,,,,,,,,,,,,,,,,,,,,,,,,,,,,,,,,,,,,,,0.902,,,slow_freeze
7.5% DMSO + 2.5% PEG,,,,,,,,,,,,,7.5,,,,,,,,,,,,,,,,,,,,,,,,,,,,,,,,,2.5,,,,,,,,,,,,,,,,0.72,,,slow_freeze
7.5% DMSO + 2.5% PEG + 2% BSA,,,,,,,,2.0,,,,,7.5,,,,,,,,,,,,,,,,,,,,,,,,,,,,,,,,,2.5,,,,,,,,,,,,,,,,0.829,,,slow_freeze
5% DMSO + 5% PEG,,,,,,,,,,,,,5.0,,,,,,,,,,,,,,,,,,,,,,,,,,,,,,,,,5.0,,,,,,,,,,,,,,,,0.7,,,slow_freeze
5% DMSO + 5% PEG + 2% BSA,,,,,,,,2.0,,,,,5.0,,,,,,,,,,,,,,,,,,,,,,,,,,,,,,,,,5.0,,,,,,,,,,,,,,,,0.8,,,slow_freeze
5% DMSO + 2% PEG + 3% trehalose,,,,,,,,,,,,,5.0,,,,,,,,,,,,,,,,,,,,,,,,,,,,,,,,,2.0,,,,,,,,,,,,,,,,0.56,,,slow_freeze
5% DMSO + 2% PEG + 3% trehalose + 2% BSA,,,,,,,,2.0,,,,,5.0,,,,,,,,,,,,,,,,,,,,,,,,,,,,,,,,,2.0,,,,,,,,,,,,,,,,0.65,,,slow_freeze
2.5% DMSO + 7.5% PEG,,,,,,,,,,,,,2.5,,,,,,,,,,,,,,,,,,,,,,,,,,,,,,,,,7.5,,,,,,,,,,,,,,,,0.32,,,slow_freeze
2.5% DMSO + 7.5% PEG + 2% BSA,,,,,,,,2.0,,,,,2.5,,,,,,,,,,,,,,,,,,,,,,,,,,,,,,,,,7.5,,,,,,,,,,,,,,,,0.38,,,slow_freeze
"10% 1,2-propanediol + 2% BSA",10.0,,,,,,,2.0,,,,,,,,,,,,,,,,,,,,,,,,,,,,,,,,,,,,,,,,,,,,,,,,,,,,,,0.68,,,slow_freeze
"7.5% 1,2-propanediol + 2.5% PEG + 2% BSA",7.5,,,,,,,2.0,,,,,,,,,,,,,,,,,,,,,,,,,,,,,,,,,,,,,,2.5,,,,,,,,,,,,,,,,0.73,,,multi_freeze
150 mM Sucrose + 125 mM Mannitol + 12.5 mM Creatine,,,,,,,,,,12.5,,,,,,,,,,,,,,,,,,,,,125.0,,,,,,,,,,,,,,,,,,,,,,,,,,,,150.0,,,,0.48,,multi_freeze
150 mM Glucose + 125 mM Mannitol + 12.5 mM Creatine,,,,,,,,,,12.5,,,,,,,,,,,150.0,,,,,,,,,,125.0,,,,,,,,,,,,,,,,,,,,,,,,,,,,,,,,0.32,,multi_freeze
150 mM Sucrose + 2.5% Glycerol + 12.5 mM Creatine,,,,,,,,,,12.5,,,,,,,,,,,,,,,,,,,,,,,,,,,,,,,,,,,,,,,,,,,,,,,,,150.0,,,,0.62,,multi_freeze
150 mM Glucose + 2.5% Glycerol + 12.5 mM Creatine,,,,,,,,,,12.5,,,,,,,,,,,150.0,,,,,,,,,,,,,,,,,,,,,,,,,,,,,,,,,,,,,,,,,,0.52,,multi_freeze
150 mM Sucrose + 342 mM Glycerol + 12.5 mM Creatine,,,,,,,,,,12.5,,,,,,,,,,,,342.0,,,,,,,,,,,,,,,,,,,,,,,,,,,,,,,,,,,,,150.0,,,0.6,,,multi_freeze
150 mM Glucose + 342 mM Glycerol + 12.5 mM Creatine,,,,,,,,,,12.5,,,,,,,,,,,150.0,342.0,,,,,,,,,,,,,,,,,,,,,,,,,,,,,,,,,,,,,,,,0.4,,,multi_freeze
150 mM Sucrose + 684 mM Glycerol + 25 mM Creatine,,,,,,,,,,25.0,,,,,,,,,,,,684.0,,,,,,,,,,,,,,,,,,,,,,,,,,,,,,,,,,,,,150.0,,,0.7,0.82,,multi_freeze
300 mM Sucrose + 684 mM Glycerol + 12.5 mM Creatine,,,,,,,,,,12.5,,,,,,,,,,,,684.0,,,,,,,,,,,,,,,,,,,,,,,,,,,,,,,,,,,,,300.0,,,,0.71,,multi_freeze
75 mM Sucrose + 63 mM Mannitol + 13 mM Creatine,,,,,,,,,,13.0,,,,,,,,,,,,,,,,,,,,,63.0,,,,,,,,,,,,,,,,,,,,,,,,,,,,75.0,,,,0.47,,multi_freeze
225 mM Sucrose + 188 mM Mannitol + 3 mM Creatine,,,,,,,,,,3.0,,,,,,,,,,,,,,,,,,,,,188.0,,,,,,,,,,,,,,,,,,,,,,,,,,,,225.0,,,,0.43,,multi_freeze
225 mM Sucrose + 125 mM Mannitol + 0 mM Creatine,,,,,,,,,,,,,,,,,,,,,,,,,,,,,,,125.0,,,,,,,,,,,,,,,,,,,,,,,,,,,,225.0,,,,0.29,,multi_freeze
0 mM Sucrose + 63 mM Mannitol + 25 mM Creatine,,,,,,,,,,25.0,,,,,,,,,,,,,,,,,,,,,63.0,,,,,,,,,,,,,,,,,,,,,,,,,,,,,,,,0.54,,multi_freeze
75 mM Sucrose + 125 mM Mannitol + 3 mM Creatine,,,,,,,,,,3.0,,,,,,,,,,,,,,,,,,,,,125.0,,,,,,,,,,,,,,,,,,,,,,,,,,,,75.0,,,,0.48,,multi_freeze
30 mM Sucrose + 25 mM Mannitol + 25 mM Creatine,,,,,,,,,,25.0,,,,,,,,,,,,,,,,,,,,,25.0,,,,,,,,,,,,,,,,,,,,,,,,,,,,30.0,,,,0.31,,multi_freeze
225 mM Sucrose + 188 mM Mannitol + 3 mM Creatine,,,,,,,,,,3.0,,,,,,,,,,,,,,,,,,,,,188.0,,,,,,,,,,,,,,,,,,,,,,,,,,,,225.0,,,,0.46,,multi_freeze
150 mM Sucrose + 63 mM Mannitol + 6 mM Creatine,,,,,,,,,,6.0,,,,,,,,,,,,,,,,,,,,,63.0,,,,,,,,,,,,,,,,,,,,,,,,,,,,150.0,,,,0.41,,multi_freeze
0 mM Sucrose + 25 mM Mannitol + 25 mM Creatine,,,,,,,,,,25.0,,,,,,,,,,,,,,,,,,,,,25.0,,,,,,,,,,,,,,,,,,,,,,,,,,,,,,,,0.52,,multi_freeze
75 mM Sucrose + 63 mM Mannitol + 19 mM Creatine,,,,,,,,,,19.0,,,,,,,,,,,,,,,,,,,,,63.0,,,,,,,,,,,,,,,,,,,,,,,,,,,,75.0,,,,0.38,,multi_freeze
30 mM Sucrose + 0 mM Mannitol + 25 mM Creatine,,,,,,,,,,25.0,,,,,,,,,,,,,,,,,,,,,,,,,,,,,,,,,,,,,,,,,,,,,,,,,30.0,,,,0.29,,multi_freeze
50 mM Sucrose + 63 mM Mannitol + 13 mM Creatine,,,,,,,,,,13.0,,,,,,,,,,,,,,,,,,,,,63.0,,,,,,,,,,,,,,,,,,,,,,,,,,,,50.0,,,,0.37,,multi_freeze
150 mM Sucrose + 63 mM Mannitol + 0 mM Creatine,,,,,,,,,,,,,,,,,,,,,,,,,,,,,,,63.0,,,,,,,,,,,,,,,,,,,,,,,,,,,,150.0,,,,0.22,,multi_freeze
30 mM Sucrose + 25 mM Mannitol + 25 mM Creatine,,,,,,,,,,25.0,,,,,,,,,,,,,,,,,,,,,25.0,,,,,,,,,,,,,,,,,,,,,,,,,,,,30.0,,,,0.33,,multi_freeze
300 mM Sucrose + 250 mM Mannitol + 3 mM Creatine,,,,,,,,,,3.0,,,,,,,,,,,,,,,,,,,,,250.0,,,,,,,,,,,,,,,,,,,,,,,,,,,,300.0,,,,0.09,,multi_freeze
150 mM Sucrose + 188 mM Mannitol + 3 mM Creatine,,,,,,,,,,3.0,,,,,,,,,,,,,,,,,,,,,188.0,,,,,,,,,,,,,,,,,,,,,,,,,,,,150.0,,,,0.49,,multi_freeze
30 mM Sucrose + 25 mM Mannitol + 19 mM Creatine,,,,,,,,,,19.0,,,,,,,,,,,,,,,,,,,,,25.0,,,,,,,,,,,,,,,,,,,,,,,,,,,,30.0,,,,0.2,,multi_freeze
150 mM Sucrose + 25 mM Mannitol + 6 mM Creatine,,,,,,,,,,6.0,,,,,,,,,,,,,,,,,,,,,25.0,,,,,,,,,,,,,,,,,,,,,,,,,,,,150.0,,,,0.33,,multi_freeze
0 mM Sucrose + 125 mM Mannitol + 13 mM Creatine,,,,,,,,,,13.0,,,,,,,,,,,,,,,,,,,,,125.0,,,,,,,,,,,,,,,,,,,,,,,,,,,,,,,,0.32,,multi_freeze
150 mM Sucrose + 63 mM Mannitol + 6 mM Creatine,,,,,,,,,,6.0,,,,,,,,,,,,,,,,,,,,,63.0,,,,,,,,,,,,,,,,,,,,,,,,,,,,150.0,,,,0.34,,multi_freeze
30 mM Sucrose + 63 mM Mannitol + 25 mM Creatine,,,,,,,,,,25.0,,,,,,,,,,,,,,,,,,,,,63.0,,,,,,,,,,,,,,,,,,,,,,,,,,,,30.0,,,,0.47,,multi_freeze
30 mM Sucrose + 125 mM Mannitol + 19 mM Creatine,,,,,,,,,,19.0,,,,,,,,,,,,,,,,,,,,,125.0,,,,,,,,,,,,,,,,,,,,,,,,,,,,30.0,,,,0.31,,multi_freeze
300 mM Sucrose + 250 mM Mannitol + 0 mM Creatine,,,,,,,,,,,,,,,,,,,,,,,,,,,,,,,250.0,,,,,,,,,,,,,,,,,,,,,,,,,,,,300.0,,,,0.15,,multi_freeze
150 mM Sucrose + 188 mM Mannitol + 19 mM Creatine,,,,,,,,,,19.0,,,,,,,,,,,,,,,,,,,,,188.0,,,,,,,,,,,,,,,,,,,,,,,,,,,,150.0,,,,0.26,,multi_freeze
225 mM Sucrose + 250 mM Mannitol + 3 mM Creatine,,,,,,,,,,3.0,,,,,,,,,,,,,,,,,,,,,250.0,,,,,,,,,,,,,,,,,,,,,,,,,,,,225.0,,,,0.19,,multi_freeze
225 mM Sucrose + 684 mM Glycerol + 0 mM Creatine,,,,,,,,,,,,,,,,,,,,,,684.0,,,,,,,,,,,,,,,,,,,,,,,,,,,,,,,,,,,,,225.0,,,,0.94,,multi_freeze
300 mM Sucrose + 342 mM Glycerol + 0 mM Creatine,,,,,,,,,,,,,,,,,,,,,,342.0,,,,,,,,,,,,,,,,,,,,,,,,,,,,,,,,,,,,,300.0,,,,0.78,,multi_freeze
300 mM Sucrose + 342 mM Glycerol + 25 mM Creatine,,,,,,,,,,25.0,,,,,,,,,,,,342.0,,,,,,,,,,,,,,,,,,,,,,,,,,,,,,,,,,,,,300.0,,,,1.02,,multi_freeze
300 mM Sucrose + 0 mM Glycerol + 25 mM Creatine,,,,,,,,,,25.0,,,,,,,,,,,,,,,,,,,,,,,,,,,,,,,,,,,,,,,,,,,,,,,,,300.0,,,,0.78,,multi_freeze
300 mM Sucrose + 171 mM Glycerol + 19 mM Creatine,,,,,,,,,,19.0,,,,,,,,,,,,171.0,,,,,,,,,,,,,,,,,,,,,,,,,,,,,,,,,,,,,300.0,,,,0.59,,multi_freeze
0 mM Sucrose + 684 mM Glycerol + 19 mM Creatine,,,,,,,,,,19.0,,,,,,,,,,,,684.0,,,,,,,,,,,,,,,,,,,,,,,,,,,,,,,,,,,,,,,,,0.64,,multi_freeze
75 mM Sucrose + 68 mM Glycerol + 19 mM Creatine,,,,,,,,,,19.0,,,,,,,,,,,,68.0,,,,,,,,,,,,,,,,,,,,,,,,,,,,,,,,,,,,,75.0,,,,0.53,,multi_freeze
30 mM Sucrose + 171 mM Glycerol + 25 mM Creatine,,,,,,,,,,25.0,,,,,,,,,,,,171.0,,,,,,,,,,,,,,,,,,,,,,,,,,,,,,,,,,,,,30.0,,,,0.36,,multi_freeze
50 mM Sucrose + 68 mM Glycerol + 25 mM Creatine,,,,,,,,,,25.0,,,,,,,,,,,,68.0,,,,,,,,,,,,,,,,,,,,,,,,,,,,,,,,,,,,,50.0,,,,0.38,,multi_freeze
75 mM Sucrose + 684 mM Glycerol + 3 mM Creatine,,,,,,,,,,3.0,,,,,,,,,,,,684.0,,,,,,,,,,,,,,,,,,,,,,,,,,,,,,,,,,,,,75.0,,,,0.67,,multi_freeze
0 mM Sucrose + 684 mM Glycerol + 25 mM Creatine,,,,,,,,,,25.0,,,,,,,,,,,,684.0,,,,,,,,,,,,,,,,,,,,,,,,,,,,,,,,,,,,,,,,,0.76,,multi_freeze
150 mM Sucrose + 513 mM Glycerol + 0 mM Creatine,,,,,,,,,,,,,,,,,,,,,,513.0,,,,,,,,,,,,,,,,,,,,,,,,,,,,,,,,,,,,,150.0,,,,0.68,,multi_freeze
30 mM Sucrose + 68 mM Glycerol + 25 mM Creatine,,,,,,,,,,25.0,,,,,,,,,,,,68.0,,,,,,,,,,,,,,,,,,,,,,,,,,,,,,,,,,,,,30.0,,,,0.31,,multi_freeze
225 mM Sucrose + 513 mM Glycerol + 6 mM Creatine,,,,,,,,,,6.0,,,,,,,,,,,,513.0,,,,,,,,,,,,,,,,,,,,,,,,,,,,,,,,,,,,,225.0,,,,0.44,,multi_freeze
75 mM Sucrose + 684 mM Glycerol + 13 mM Creatine,,,,,,,,,,13.0,,,,,,,,,,,,684.0,,,,,,,,,,,,,,,,,,,,,,,,,,,,,,,,,,,,,75.0,,,,0.46,,multi_freeze
0 mM Sucrose + 754 mM Glycerol + 24 mM Creatine,,,,,,,,,,24.0,,,,,,,,,,,,754.0,,,,,,,,,,,,,,,,,,,,,,,,,,,,,,,,,,,,,,,,,1.13,,multi_freeze
50 mM Sucrose + 513 mM Glycerol + 0 mM Creatine,,,,,,,,,,,,,,,,,,,,,,513.0,,,,,,,,,,,,,,,,,,,,,,,,,,,,,,,,,,,,,50.0,,,,1.1,,multi_freeze
225 mM Sucrose + 342 mM Glycerol + 13 mM Creatine,,,,,,,,,,13.0,,,,,,,,,,,,342.0,,,,,,,,,,,,,,,,,,,,,,,,,,,,,,,,,,,,,225.0,,,,0.55,,multi_freeze
300 mM Sucrose + 513 mM Glycerol + 3 mM Creatine,,,,,,,,,,3.0,,,,,,,,,,,,513.0,,,,,,,,,,,,,,,,,,,,,,,,,,,,,,,,,,,,,300.0,,,,0.54,,multi_freeze
150 mM Sucrose + 684 mM Glycerol + 3 mM Creatine,,,,,,,,,,3.0,,,,,,,,,,,,684.0,,,,,,,,,,,,,,,,,,,,,,,,,,,,,,,,,,,,,150.0,,,,0.43,,multi_freeze
0 mM Sucrose + 171 mM Glycerol + 25 mM Creatine,,,,,,,,,,25.0,,,,,,,,,,,,171.0,,,,,,,,,,,,,,,,,,,,,,,,,,,,,,,,,,,,,,,,,0.58,,multi_freeze
150 mM Sucrose + 684 mM Glycerol + 0 mM Creatine,,,,,,,,,,,,,,,,,,,,,,684.0,,,,,,,,,,,,,,,,,,,,,,,,,,,,,,,,,,,,,150.0,,,,0.54,,multi_freeze
0 mM Sucrose + 68 mM Glycerol + 25 mM Creatine,,,,,,,,,,25.0,,,,,,,,,,,,68.0,,,,,,,,,,,,,,,,,,,,,,,,,,,,,,,,,,,,,,,,,0.33,,multi_freeze
150 mM Sucrose + 342 mM Glycerol + 6 mM Creatine,,,,,,,,,,6.0,,,,,,,,,,,,342.0,,,,,,,,,,,,,,,,,,,,,,,,,,,,,,,,,,,,,150.0,,,,0.3,,multi_freeze
30 mM Sucrose + 684 mM Glycerol + 19 mM Creatine,,,,,,,,,,19.0,,,,,,,,,,,,684.0,,,,,,,,,,,,,,,,,,,,,,,,,,,,,,,,,,,,,30.0,,,,0.45,,multi_freeze
0 mM Sucrose + 68 mM Glycerol + 25 mM Creatine,,,,,,,,,,25.0,,,,,,,,,,,,68.0,,,,,,,,,,,,,,,,,,,,,,,,,,,,,,,,,,,,,,,,,0.21,,multi_freeze
30 mM Sucrose + 171 mM Glycerol + 13 mM Creatine,,,,,,,,,,13.0,,,,,,,,,,,,171.0,,,,,,,,,,,,,,,,,,,,,,,,,,,,,,,,,,,,,30.0,,,,0.39,,multi_freeze
150 mM Sucrose + 68 mM Glycerol + 13 mM Creatine,,,,,,,,,,13.0,,,,,,,,,,,,68.0,,,,,,,,,,,,,,,,,,,,,,,,,,,,,,,,,,,,,150.0,,,,0.68,,multi_freeze
30 mM Sucrose + 684 mM Glycerol + 19 mM Creatine,,,,,,,,,,19.0,,,,,,,,,,,,684.0,,,,,,,,,,,,,,,,,,,,,,,,,,,,,,,,,,,,,30.0,,,,0.43,,multi_freeze
30 mM Sucrose + 171 mM Glycerol + 25 mM Creatine,,,,,,,,,,25.0,,,,,,,,,,,,171.0,,,,,,,,,,,,,,,,,,,,,,,,,,,,,,,,,,,,,30.0,,,,0.41,,multi_freeze
10 wt% PEG 400,,,,,,,,,,,,,,,,,,,,,,,,,,,,,,,,,,,,,,,,,,10.0,,,,,,,,,,,,,,,,,,,,,0.05,,slow_freeze
10 wt% PEG 600,,,,,,,,,,,,,,,,,,,,,,,,,,,,,,,,,,,,,,,,,,,,,10.0,,,,,,,,,,,,,,,,,,0.05,,slow_freeze
10 wt% PEG 1K,,,,,,,,,,,,,,,,,,,,,,,,,,,,,,,,,,,,,,,,10.0,,,,,,,,,,,,,,,,,,,,,,,0.35,,slow_freeze
10 wt% PEG 1.5K,,,,,,,,,,,,,,,,,,,,,,,,,,,,,,,,,,,,,10.0,,,,,,,,,,,,,,,,,,,,,,,,,,0.48,,slow_freeze
10 wt% PEG 5K,,,,,,,,,,,,,,,,,,,,,,,,,,,,,,,,,,,,,,,,,,,,10.0,,,,,,,,,,,,,,,,,,,0.55,,slow_freeze
10 wt% PEG 10K,,,,,,,,,,,,,,,,,,,,,,,,,,,,,,,,,,,,,,,10.0,,,,,,,,,,,,,,,,,,,,,,,,0.28,,slow_freeze
10 wt% PEG 20K,,,,,,,,,,,,,,,,,,,,,,,,,,,,,,,,,,,,,,,,,10.0,,,,,,,,,,,,,,,,,,,,,,0.22,,slow_freeze
10% DMSO,,,,,,,,,,,,,10.0,,,,,,,,,,,,,,,,,,,,,,,,,,,,,,,,,,,,,,,,,,,,,,,,,0.25,0.7,,slow_freeze
10 wt% PEG 400,,,,,,,,,,,,,,,,,,,,,,,,,,,,,,,,,,,,,,,,,,10.0,,,,,,,,,,,,,,,,,,,,,0.5,,slow_freeze
10 wt% PEG 600,,,,,,,,,,,,,,,,,,,,,,,,,,,,,,,,,,,,,,,,,,,,,10.0,,,,,,,,,,,,,,,,,,0.5,,slow_freeze
10 wt% PEG 1K,,,,,,,,,,,,,,,,,,,,,,,,,,,,,,,,,,,,,,,,10.0,,,,,,,,,,,,,,,,,,,,,,,0.3,,slow_freeze
10 wt% PEG 1.5K,,,,,,,,,,,,,,,,,,,,,,,,,,,,,,,,,,,,,10.0,,,,,,,,,,,,,,,,,,,,,,,,,,0.2,,slow_freeze
10 wt% PEG 5K,,,,,,,,,,,,,,,,,,,,,,,,,,,,,,,,,,,,,,,,,,,,10.0,,,,,,,,,,,,,,,,,,,0.1,,slow_freeze
10 wt% PEG 10K,,,,,,,,,,,,,,,,,,,,,,,,,,,,,,,,,,,,,,,10.0,,,,,,,,,,,,,,,,,,,,,,,,0.05,,slow_freeze
10 wt% PEG 20K,,,,,,,,,,,,,,,,,,,,,,,,,,,,,,,,,,,,,,,,,10.0,,,,,,,,,,,,,,,,,,,,,,0.03,,slow_freeze
10% DMSO,,,,,,,,,,,,,10.0,,,,,,,,,,,,,,,,,,,,,,,,,,,,,,,,,,,,,,,,,,,,,,,,,,0.7,,slow_freeze
10 wt% PEG 400,,,,,,,,,,,,,,,,,,,,,,,,,,,,,,,,,,,,,,,,,,10.0,,,,,,,,,,,,,,,,,,,,,0.2,,slow_freeze
10 wt% PEG 600,,,,,,,,,,,,,,,,,,,,,,,,,,,,,,,,,,,,,,,,,,,,,10.0,,,,,,,,,,,,,,,,,,0.1,,slow_freeze
10 wt% PEG 1K,,,,,,,,,,,,,,,,,,,,,,,,,,,,,,,,,,,,,,,,10.0,,,,,,,,,,,,,,,,,,,,,,,0.08,,slow_freeze
10 wt% PEG 1.5K,,,,,,,,,,,,,,,,,,,,,,,,,,,,,,,,,,,,,10.0,,,,,,,,,,,,,,,,,,,,,,,,,,0.05,,slow_freeze
10 wt% PEG 5K,,,,,,,,,,,,,,,,,,,,,,,,,,,,,,,,,,,,,,,,,,,,10.0,,,,,,,,,,,,,,,,,,,0.05,,slow_freeze
10 wt% PEG 10K,,,,,,,,,,,,,,,,,,,,,,,,,,,,,,,,,,,,,,,10.0,,,,,,,,,,,,,,,,,,,,,,,,0.03,,slow_freeze
10 wt% PEG 20K,,,,,,,,,,,,,,,,,,,,,,,,,,,,,,,,,,,,,,,,,10.0,,,,,,,,,,,,,,,,,,,,,,0.02,,slow_freeze
10% DMSO,,,,,,,,,,,,,10.0,,,,,,,,,,,,,,,,,,,,,,,,,,,,,,,,,,,,,,,,,,,,,,,,,,0.7,,slow_freeze
10% DMSO + 2% FBS,,,,,,,,,,,,,10.0,,,,,2.0,,,,,,,,,,,,,,,,,,,,,,,,,,,,,,,,,,,,,,,,,,,,0.65,,65.0,slow_freeze
5% DMSO + 2% FBS,,,,,,,,,,,,,5.0,,,,,2.0,,,,,,,,,,,,,,,,,,,,,,,,,,,,,,,,,,,,,,,,,,,,0.63,,,slow_freeze
3% DMSO + 2% FBS,,,,,,,,,,,,,3.0,,,,,2.0,,,,,,,,,,,,,,,,,,,,,,,,,,,,,,,,,,,,,,,,,,,,0.67,,130.0,slow_freeze
5% DMSO + 0.1% HMW-HA + 2% FBS,,,,,,,,,,,,,5.0,,,,,2.0,,,,,,,,,0.1,,,,,,,,,,,,,,,,,,,,,,,,,,,,,,,,,,,0.75,,,slow_freeze
5% DMSO + 0.2% HMW-HA + 2% FBS,,,,,,,,,,,,,5.0,,,,,2.0,,,,,,,,,0.2,,,,,,,,,,,,,,,,,,,,,,,,,,,,,,,,,,,0.7,,,slow_freeze
3% DMSO + 0.1% HMW-HA + 2% FBS,,,,,,,,,,,,,3.0,,,,,2.0,,,,,,,,,0.1,,,,,,,,,,,,,,,,,,,,,,,,,,,,,,,,,,,0.7,,60.0,slow_freeze
0.1% methylcellulose + 1% proline + 1% ectoin,,,,,,,,,,,,,,1.0,,,,,,,,,,,,,,,,,,0.1,,,,,,,,,,,,,,,,,,,1.0,,,,,,,,,,,0.68,0.24,,slow_freeze
0.1% methylcellulose + 1% proline + 1% ectoin,,,,,,,,,,,,,,1.0,,,,,,,,,,,,,,,,,,0.1,,,,,,,,,,,,,,,,,,,1.0,,,,,,,,,,,0.76,0.64,,slow_freeze
0.1% methylcellulose + 1% proline + 1% ectoin,,,,,,,,,,,,,,1.0,,,,,,,,,,,,,,,,,,0.1,,,,,,,,,,,,,,,,,,,1.0,,,,,,,,,,,0.66,0.47,,slow_freeze
0.1% methylcellulose + 1% proline + 10% ectoin,,,,,,,,,,,,,,10.0,,,,,,,,,,,,,,,,,,0.1,,,,,,,,,,,,,,,,,,,1.0,,,,,,,,,,,0.62,0.52,,slow_freeze
0.1% methylcellulose + 1% proline + 10% ectoin,,,,,,,,,,,,,,10.0,,,,,,,,,,,,,,,,,,0.1,,,,,,,,,,,,,,,,,,,1.0,,,,,,,,,,,0.81,0.78,,slow_freeze
0.1% methylcellulose + 1% proline + 10% ectoin,,,,,,,,,,,,,,10.0,,,,,,,,,,,,,,,,,,0.1,,,,,,,,,,,,,,,,,,,1.0,,,,,,,,,,,0.66,0.81,,slow_freeze
0.1% methylcellulose + 5% proline + 5% ectoin,,,,,,,,,,,,,,5.0,,,,,,,,,,,,,,,,,,0.1,,,,,,,,,,,,,,,,,,,5.0,,,,,,,,,,,0.65,0.38,,slow_freeze
0.1% methylcellulose + 5% proline + 5% ectoin,,,,,,,,,,,,,,5.0,,,,,,,,,,,,,,,,,,0.1,,,,,,,,,,,,,,,,,,,5.0,,,,,,,,,,,0.86,0.57,,slow_freeze
0.1% methylcellulose + 5% proline + 5% ectoin,,,,,,,,,,,,,,5.0,,,,,,,,,,,,,,,,,,0.1,,,,,,,,,,,,,,,,,,,5.0,,,,,,,,,,,0.84,0.64,,slow_freeze
0.1% methylcellulose + 10% proline + 1% ectoin,,,,,,,,,,,,,,1.0,,,,,,,,,,,,,,,,,,0.1,,,,,,,,,,,,,,,,,,,10.0,,,,,,,,,,,0.58,0.19,,slow_freeze
0.1% methylcellulose + 10% proline + 1% ectoin,,,,,,,,,,,,,,1.0,,,,,,,,,,,,,,,,,,0.1,,,,,,,,,,,,,,,,,,,10.0,,,,,,,,,,,0.67,0.27,,slow_freeze
0.1% methylcellulose + 10% proline + 1% ectoin,,,,,,,,,,,,,,1.0,,,,,,,,,,,,,,,,,,0.1,,,,,,,,,,,,,,,,,,,10.0,,,,,,,,,,,0.7,0.22,,slow_freeze
0.1% methylcellulose + 10% proline + 10% ectoin,,,,,,,,,,,,,,10.0,,,,,,,,,,,,,,,,,,0.1,,,,,,,,,,,,,,,,,,,10.0,,,,,,,,,,,0.68,0.48,,slow_freeze
0.1% methylcellulose + 10% proline + 10% ectoin,,,,,,,,,,,,,,10.0,,,,,,,,,,,,,,,,,,0.1,,,,,,,,,,,,,,,,,,,10.0,,,,,,,,,,,0.72,0.72,,slow_freeze
0.1% methylcellulose + 10% proline + 10% ectoin,,,,,,,,,,,,,,10.0,,,,,,,,,,,,,,,,,,0.1,,,,,,,,,,,,,,,,,,,10.0,,,,,,,,,,,0.72,0.64,,slow_freeze
0.1% methylcellulose + 10% DMSO,,,,,,,,,,,,,10.0,,,,,,,,,,,,,,,,,,,0.1,,,,,,,,,,,,,,,,,,,,,,,,,,,,,,0.91,0.98,,slow_freeze
0.1% methylcellulose,,,,,,,,,,,,,,,,,,,,,,,,,,,,,,,,0.1,,,,,,,,,,,,,,,,,,,,,,,,,,,,,,0.38,0.12,,slow_freeze
10% FCS + 5% Me2SO,,,,,,,,,,,,,5.0,,,,,10.0,,,,,,,,,,,,,,,,,,,,,,,,,,,,,,,,,,,,,,,,,,,,0.61,,,slow_freeze
10% FCS + 5% Me2SO,,,,,,,,,,,,,5.0,,,,,10.0,,,,,,,,,,,,,,,,,,,,,,,,,,,,,,,,,,,,,,,,,,,,0.73,,,slow_freeze
10% FCS + 10% Me2SO,,,,,,,,,,,,,10.0,,,,,10.0,,,,,,,,,,,,,,,,,,,,,,,,,,,,,,,,,,,,,,,,,,,,0.79,,,slow_freeze
10% FCS + 10% Me2SO,,,,,,,,,,,,,10.0,,,,,10.0,,,,,,,,,,,,,,,,,,,,,,,,,,,,,,,,,,,,,,,,,,,,0.82,,,slow_freeze
10% FCS + 10% Me2SO,,,,,,,,,,,,,10.0,,,,,10.0,,,,,,,,,,,,,,,,,,,,,,,,,,,,,,,,,,,,,,,,,,,,0.87,,,multi_freeze
10% FCS + 10% Me2SO,,,,,,,,,,,,,10.0,,,,,10.0,,,,,,,,,,,,,,,,,,,,,,,,,,,,,,,,,,,,,,,,,,,,0.88,,,multi_freeze
10% FCS + 10% Me2SO,,,,,,,,,,,,,10.0,,,,,10.0,,,,,,,,,,,,,,,,,,,,,,,,,,,,,,,,,,,,,,,,,,,,0.06,,,rapid_freeze
10% FCS + 10% Me2SO,,,,,,,,,,,,,10.0,,,,,10.0,,,,,,,,,,,,,,,,,,,,,,,,,,,,,,,,,,,,,,,,,,,,0.03,,,rapid_freeze
90% FBS + 10% DMSO,,,,,,,,,,,,,10.0,,,,,90.0,,,,,,,,,,,,,,,,,,,,,,,,,,,,,,,,,,,,,,,,,,,,0.938,,,slow_freeze
90% FBS + 10% DMSO,,,,,,,,,,,,,10.0,,,,,90.0,,,,,,,,,,,,,,,,,,,,,,,,,,,,,,,,,,,,,,,,,,,,0.888,,,slow_freeze
90% FBS + 10% DMSO,,,,,,,,,,,,,10.0,,,,,90.0,,,,,,,,,,,,,,,,,,,,,,,,,,,,,,,,,,,,,,,,,,,,0.884,,,slow_freeze
90% FBS + 10% DMSO,,,,,,,,,,,,,10.0,,,,,90.0,,,,,,,,,,,,,,,,,,,,,,,,,,,,,,,,,,,,,,,,,,,,0.931,,,slow_freeze
10% DMSO,,,,,,,,,,,,,10.0,,,,,,,,,,,,,,,,,,,,,,,,,,,,,,,,,,,,,,,,,,,,,,,,,0.273,,,slow_freeze
10% DMSO,,,,,,,,,,,,,10.0,,,,,,,,,,,,,,,,,,,,,,,,,,,,,,,,,,,,,,,,,,,,,,,,,0.595,,,slow_freeze
5% trehalose + 2.5% dextran,,,,,,,,,,,2.5,,,,,,,,,,,,,,,,,,,,,,,,,,,,,,,,,,,,,,,,,,,,,,,,,,,1.0,,,slow_freeze
5% trehalose + 2.5% dextran,,,,,,,,,,,2.5,,,,,,,,,,,,,,,,,,,,,,,,,,,,,,,,,,,,,,,,,,,,,,,,,,,0.8,,,slow_freeze
10% DMSO + 90% FBS,,,,,,,,,,,,,10.0,,,,,90.0,,,,,,,,,,,,,,,,,,,,,,,,,,,,,,,,,,,,,,,,,,,,,,,slow_freeze
1 M DMSO + 1 M acetamide + 3 M Propylene glycol,,,,1.0,,,,,,,,,,,,,,,,,,,,,,,,,,,,,,,,,,,,,,,,,,,,,,,,3.0,,,,,,,,,,0.77,,,slow_freeze
6.5 M EG + 0.5 M Sucrose,,,,,,,,,,,,,,,,,,,,,,,,,,,,,,,,,,,,,,,,,,,,,,,,,,,,,,,,,,,500.0,,,0.5,,,slow_freeze
6.5 M EG + 10% (wt) COOH-PLL + 0.5 M Sucrose,,,,,,,,,10.0,,,,,,,,,,,,,,,,,,,,,,,,,,,,,,,,,,,,,,,,,,,,,,,,,,500.0,,,0.95,,,slow_freeze
1 M DMSO + 1 M acetamide + 3 M Propylene glycol,,,,1.0,,,,,,,,,,,,,,,,,,,,,,,,,,,,,,,,,,,,,,,,,,,,,,,,3.0,,,,,,,,,,0.85,,,slow_freeze
6.5 M EG + 0.5 M Sucrose,,,,,,,,,,,,,,,,,,,,,,,,,,,,,,,,,,,,,,,,,,,,,,,,,,,,,,,,,,,500.0,,,0.95,,,slow_freeze
6.5 M EG + 10% (wt) COOH-PLL + 0.5 M Sucrose,,,,,,,,,10.0,,,,,,,,,,,,,,,,,,,,,,,,,,,,,,,,,,,,,,,,,,,,,,,,,,500.0,,,1.0,,,slow_freeze
1 M DMSO + 1 M acetamide + 3 M Propylene glycol,,,,1.0,,,,,,,,,,,,,,,,,,,,,,,,,,,,,,,,,,,,,,,,,,,,,,,,3.0,,,,,,,,,,0.85,,,slow_freeze
6.5 M EG + 0.5 M Sucrose,,,,,,,,,,,,,,,,,,,,,,,,,,,,,,,,,,,,,,,,,,,,,,,,,,,,,,,,,,,500.0,,,0.98,,,slow_freeze
6.5 M EG + 10% (wt) COOH-PLL + 0.5 M Sucrose,,,,,,,,,10.0,,,,,,,,,,,,,,,,,,,,,,,,,,,,,,,,,,,,,,,,,,,,,,,,,,500.0,,,1.0,,,slow_freeze
1 M DMSO + 1 M acetamide + 3 M Propylene glycol,,,,1.0,,,,,,,,,,,,,,,,,,,,,,,,,,,,,,,,,,,,,,,,,,,,,,,,3.0,,,,,,,,,,0.85,,,slow_freeze
6.5 M EG + 0.5 M Sucrose,,,,,,,,,,,,,,,,,,,,,,,,,,,,,,,,,,,,,,,,,,,,,,,,,,,,,,,,,,,500.0,,,0.98,,,slow_freeze
6.5 M EG + 10% (wt) COOH-PLL + 0.5 M Sucrose,,,,,,,,,10.0,,,,,,,,,,,,,,,,,,,,,,,,,,,,,,,,,,,,,,,,,,,,,,,,,,500.0,,,1.0,,,slow_freeze
1 M DMSO + 1 M acetamide + 3 M Propylene glycol,,,,1.0,,,,,,,,,,,,,,,,,,,,,,,,,,,,,,,,,,,,,,,,,,,,,,,,3.0,,,,,,,,,,0.85,,,rapid_freeze
6.5 M EG + 0.5 M Sucrose,,,,,,,,,,,,,,,,,,,,,,,,,,,,,,,,,,,,,,,,,,,,,,,,,,,,,,,,,,,500.0,,,0.98,,,rapid_freeze
6.5 M EG + 10% (wt) COOH-PLL + 0.5 M Sucrose,,,,,,,,,10.0,,,,,,,,,,,,,,,,,,,,,,,,,,,,,,,,,,,,,,,,,,,,,,,,,,500.0,,,1.0,,,rapid_freeze
50 mM Sucrose,,,,,,,,,,,,,,,,,,,,,,,,,,,,,,,,,,,,,,,,,,,,,,,,,,,,,,,,,,,50.0,,,0.05,,,slow_freeze
100 mM Sucrose,,,,,,,,,,,,,,,,,,,,,,,,,,,,,,,,,,,,,,,,,,,,,,,,,,,,,,,,,,,100.0,,,0.17,,,slow_freeze
150 mM Sucrose,,,,,,,,,,,,,,,,,,,,,,,,,,,,,,,,,,,,,,,,,,,,,,,,,,,,,,,,,,,150.0,,,0.6,,,slow_freeze
400 mM Sucrose,,,,,,,,,,,,,,,,,,,,,,,,,,,,,,,,,,,,,,,,,,,,,,,,,,,,,,,,,,,400.0,,,0.8,,,slow_freeze
50 mM Trehalose,,,,,,,,,,,,,,,,,,,,,,,,,,,,,,,,,,,,,,,,,,,,,,,,,,,,,,,,,,,,,50.0,0.03,,,slow_freeze
100 mM Trehalose,,,,,,,,,,,,,,,,,,,,,,,,,,,,,,,,,,,,,,,,,,,,,,,,,,,,,,,,,,,,,100.0,0.14,,,slow_freeze
150 mM Trehalose,,,,,,,,,,,,,,,,,,,,,,,,,,,,,,,,,,,,,,,,,,,,,,,,,,,,,,,,,,,,,150.0,0.62,,,slow_freeze
400 mM Trehalose,,,,,,,,,,,,,,,,,,,,,,,,,,,,,,,,,,,,,,,,,,,,,,,,,,,,,,,,,,,,,400.0,0.78,,,slow_freeze
50 mM Raffinose,,,,,,,,,,,,,,,,,,,,,,,,,,,,,,,,,,,,,,,,,,,,,,,,,,,,,,50.0,,,,,,,,0.07,,,slow_freeze
100 mM Raffinose,,,,,,,,,,,,,,,,,,,,,,,,,,,,,,,,,,,,,,,,,,,,,,,,,,,,,,100.0,,,,,,,,0.19,,,slow_freeze
150 mM Raffinose,,,,,,,,,,,,,,,,,,,,,,,,,,,,,,,,,,,,,,,,,,,,,,,,,,,,,,150.0,,,,,,,,0.75,,,slow_freeze
400 mM Raffinose,,,,,,,,,,,,,,,,,,,,,,,,,,,,,,,,,,,,,,,,,,,,,,,,,,,,,,400.0,,,,,,,,0.8,,,slow_freeze
10% DMSO,,,,,,,,,,,,,10.0,,,,,,,,,,,,,,,,,,,,,,,,,,,,,,,,,,,,,,,,,,,,,,,,,,0.15,,slow_freeze
10% Ethylene Glycol,,,,,,,,,,,,,,,10.0,,,,,,,,,,,,,,,,,,,,,,,,,,,,,,,,,,,,,,,,,,,,,,,,0.17,,slow_freeze
10% propylene glycol,10.0,,,,,,,,,,,,,,,,,,,,,,,,,,,,,,,,,,,,,,,,,,,,,,,,,,,,,,,,,,,,,,0.1,,slow_freeze
10% glycerol,,,,,,,,,,,,,,,,,,,,,,,,,,,,,,,,,,,,,,,,,,,,,,,,,,,,,,,,,,,,,,,0.05,,slow_freeze
10% Ethylene Glycol + 10 µM ROCK Inhibitor,,,,,,,,,,,,,,,10.0,,,,,,,,,,,,,,,,,,,,,,,,,,,,,,,,,,,,,,,,10.0,,,,,,,,0.22,,slow_freeze
2% betaine,,,,,,,2.0,,,,,,,,,,,,,,,,,,,,,,,,,,,,,,,,,,,,,,,,,,,,,,,,,,,,,,,0.18,,,slow_freeze
4% betaine,,,,,,,4.0,,,,,,,,,,,,,,,,,,,,,,,,,,,,,,,,,,,,,,,,,,,,,,,,,,,,,,,0.3,,,slow_freeze
6% betaine,,,,,,,6.0,,,,,,,,,,,,,,,,,,,,,,,,,,,,,,,,,,,,,,,,,,,,,,,,,,,,,,,0.78,,,slow_freeze
8% betaine,,,,,,,8.0,,,,,,,,,,,,,,,,,,,,,,,,,,,,,,,,,,,,,,,,,,,,,,,,,,,,,,,0.84,,,slow_freeze
10% betaine,,,,,,,10.0,,,,,,,,,,,,,,,,,,,,,,,,,,,,,,,,,,,,,,,,,,,,,,,,,,,,,,,0.4,,,slow_freeze
10% DMSO,,,,,,,,,,,,,10.0,,,,,,,,,,,,,,,,,,,,,,,,,,,,,,,,,,,,,,,,,,,,,,,,,0.74,,3.0,slow_freeze
10% Glycerol,,,,,,,,,,,,,,,,,,,,,,,,,,,,,,,,,,,,,,,,,,,,,,,,,,,,,,,,,,,,,,0.62,,3.0,slow_freeze
15% Glycerol,,,,,,,,,,,,,,,,,,,,,,,,,,,,,,,,,,,,,,,,,,,,,,,,,,,,,,,,,,,,,,0.7,,3.0,slow_freeze
20% Glycerol,,,,,,,,,,,,,,,,,,,,,,,,,,,,,,,,,,,,,,,,,,,,,,,,,,,,,,,,,,,,,,0.58,,3.0,slow_freeze
10% DMSO,,,,,,,,,,,,,10.0,,,,,,,,,,,,,,,,,,,,,,,,,,,,,,,,,,,,,,,,,,,,,,,,,0.76,,3.0,slow_freeze
10% Glycerol,,,,,,,,,,,,,,,,,,,,,,,,,,,,,,,,,,,,,,,,,,,,,,,,,,,,,,,,,,,,,,0.74,,3.0,slow_freeze
15% Glycerol,,,,,,,,,,,,,,,,,,,,,,,,,,,,,,,,,,,,,,,,,,,,,,,,,,,,,,,,,,,,,,0.78,,3.0,slow_freeze
20% Glycerol,,,,,,,,,,,,,,,,,,,,,,,,,,,,,,,,,,,,,,,,,,,,,,,,,,,,,,,,,,,,,,0.52,,3.0,slow_freeze
10% PEG,,,,,,,,,,,,,,,,,,,,,,,,,,,,,,,,,,,,,,,,,,,,,,10.0,,,,,,,,,,,,,,,,0.6,0.64,,slow_freeze
10% PEG + 3% Trehalose,,,,,,,,,,,,,,,,,,,,,,,,,,,,,,,,,,,,,,,,,,,,,,10.0,,,,,,,,,,,,,,,,0.82,0.82,,slow_freeze
10% PEG + 3% Trehalose + 5% Dextran,,,,,,,,,,,5.0,,,,,,,,,,,,,,,,,,,,,,,,,,,,,,,,,,,10.0,,,,,,,,,,,,,,,,0.94,0.96,,slow_freeze
0 mg/ml storage protein 2 + 4% DMSO,,,,,,,,,,,,,4.0,,,,,,,,,,,,,,,,,,,,,,,,,,,,,,,,,,,,,,,,,,,,,,,,,0.76,,2.0,slow_freeze
0 mg/ml storage protein 2 + 4% DMSO,,,,,,,,,,,,,4.0,,,,,,,,,,,,,,,,,,,,,,,,,,,,,,,,,,,,,,,,,,,,,,,,,0.78,,2.0,slow_freeze
0.1 mg/ml storage protein 2 + 4% DMSO,,,,,,,,,,,,,4.0,,,,,,,,,,,,,,,,,,,,,,,,,,,,,,,,,,,,,,,,,,,,,0.1,,,,0.82,,2.0,slow_freeze
0.2 mg/ml storage protein 2 + 4% DMSO,,,,,,,,,,,,,4.0,,,,,,,,,,,,,,,,,,,,,,,,,,,,,,,,,,,,,,,,,,,,,0.2,,,,0.85,,2.0,slow_freeze
0.5 mg/ml storage protein 2 + 4% DMSO,,,,,,,,,,,,,4.0,,,,,,,,,,,,,,,,,,,,,,,,,,,,,,,,,,,,,,,,,,,,,0.5,,,,0.9,,2.0,slow_freeze
1 mg/ml storage protein 2 + 4% DMSO,,,,,,,,,,,,,4.0,,,,,,,,,,,,,,,,,,,,,,,,,,,,,,,,,,,,,,,,,,,,,1.0,,,,0.94,,2.0,slow_freeze
2 mg/ml storage protein 2 + 4% DMSO,,,,,,,,,,,,,4.0,,,,,,,,,,,,,,,,,,,,,,,,,,,,,,,,,,,,,,,,,,,,,2.0,,,,0.95,,2.0,slow_freeze
5 mg/ml storage protein 2 + 4% DMSO,,,,,,,,,,,,,4.0,,,,,,,,,,,,,,,,,,,,,,,,,,,,,,,,,,,,,,,,,,,,,5.0,,,,0.97,,2.0,slow_freeze
10 mg/ml storage protein 2 + 4% DMSO,,,,,,,,,,,,,4.0,,,,,,,,,,,,,,,,,,,,,,,,,,,,,,,,,,,,,,,,,,,,,10.0,,,,0.98,,2.0,slow_freeze
7.5% COOH-PLL,,,,,,,,,7.5,,,,,,,,,,,,,,,,,,,,,,,,,,,,,,,,,,,,,,,,,,,,,,,,,,,,,0.04,,38.0,slow_freeze
7.5% COOH-PLL,,,,,,,,,7.5,,,,,,,,,,,,,,,,,,,,,,,,,,,,,,,,,,,,,,,,,,,,,,,,,,,,,0.2,,38.0,slow_freeze
7.5% COOH-PLL,,,,,,,,,7.5,,,,,,,,,,,,,,,,,,,,,,,,,,,,,,,,,,,,,,,,,,,,,,,,,,,,,0.78,,38.0,slow_freeze
7.5% COOH-PLL,,,,,,,,,7.5,,,,,,,,,,,,,,,,,,,,,,,,,,,,,,,,,,,,,,,,,,,,,,,,,,,,,0.86,,38.0,slow_freeze
7.5% COOH-PLL,,,,,,,,,7.5,,,,,,,,,,,,,,,,,,,,,,,,,,,,,,,,,,,,,,,,,,,,,,,,,,,,,0.96,,38.0,slow_freeze
7.5% COOH-PLL,,,,,,,,,7.5,,,,,,,,,,,,,,,,,,,,,,,,,,,,,,,,,,,,,,,,,,,,,,,,,,,,,0.92,,38.0,slow_freeze
20% FBS + 10% DMSO,,,,,,,,,,,,,10.0,,,,,20.0,,,,,,,,,,,,,,,,,,,,,,,,,,,,,,,,,,,,,,,,,,,,0.91,0.79,,slow_freeze
0.5 M trehalose,,,,,,,,,,,,,,,,,,,,,,,,,,,,,,,,,,,,,,,,,,,,,,,,,,,,,,,,,,,,,500.0,0.99,0.28,,rapid_freeze
10% DMSO,,,,,,,,,,,,,10.0,,,,,,,,,,,,,,,,,,,,,,,,,,,,,,,,,,,,,,,,,,,,,,,,,0.83,0.68,,rapid_freeze
10% EG,,,,,,,,,,,,,,,10.0,,,,,,,,,,,,,,,,,,,,,,,,,,,,,,,,,,,,,,,,,,,,,,,0.87,0.51,,rapid_freeze
0.5 M trehalose + 10% DMSO,,,,,,,,,,,,,10.0,,,,,,,,,,,,,,,,,,,,,,,,,,,,,,,,,,,,,,,,,,,,,,,,500.0,0.99,0.48,,rapid_freeze
0.5 M trehalose + 10% EG,,,,,,,,,,,,,,,10.0,,,,,,,,,,,,,,,,,,,,,,,,,,,,,,,,,,,,,,,,,,,,,,500.0,0.99,0.41,,rapid_freeze
5% DMSO + 95% EMEA-FBS,,,,,,,,,,,,,5.0,,,95.0,,,,,,,,,,,,,,,,,,,,,,,,,,,,,,,,,,,,,,,,,,,,,,,,38.4,slow_freeze
90% autologous plasma + 10% DMSO,,,,,,90.0,,,,,,,10.0,,,,,,,,,,,,,,,,,,,,,,,,,,,,,,,,,,,,,,,,,,,,,,,,,,,,slow_freeze
20% FBS + 10% DMSO,,,,,,,,,,,,,10.0,,,,,20.0,,,,,,,,,,,,,,,,,,,,,,,,,,,,,,,,,,,,,,,,,,,,0.85,,,slow_freeze
20% FBS + 5% DMSO + 60 mM Trehalose,,,,,,,,,,,,,5.0,,,,,20.0,,,,,,,,,,,,,,,,,,,,,,,,,,,,,,,,,,,,,,,,,,,60.0,,,,slow_freeze
20% FBS + 2.5% DMSO + 30 mM Trehalose,,,,,,,,,,,,,2.5,,,,,20.0,,,,,,,,,,,,,,,,,,,,,,,,,,,,,,,,,,,,,,,,,,,30.0,,,,slow_freeze
20% FBS + 264 mM Trehalose,,,,,,,,,,,,,,,,,,20.0,,,,,,,,,,,,,,,,,,,,,,,,,,,,,,,,,,,,,,,,,,,264.0,,,,slow_freeze
5% DMSO + 20% FBS + 500 mM Trehalose,,,,,,,,,,,,,5.0,,,,,20.0,,,,,,,,,,,,,,,,,,,,,,,,,,,,,,,,,,,,,,,,,,,500.0,0.73,,,slow_freeze
7% DMSO + 5% HES + 2% BSA,,,,,,,,2.0,,,,,7.0,,,,,,,,,,,,5.0,,,,,,,,,,,,,,,,,,,,,,,,,,,,,,,,,,,,,0.45,,,slow_freeze
5% DMSO + 4% HES + 4% FBS,,,,,,,,,,,,,5.0,,,,,4.0,,,,,,,4.0,,,,,,,,,,,,,,,,,,,,,,,,,,,,,,,,,,,,,0.38,,,slow_freeze
10% DMSO + 12% HES + 8% FBS,,,,,,,,,,,,,10.0,,,,,8.0,,,,,,,12.0,,,,,,,,,,,,,,,,,,,,,,,,,,,,,,,,,,,,,0.8,,,slow_freeze
90% FBS + 10% DMSO,,,,,,,,,,,,,10.0,,,,,90.0,,,,,,,,,,,,,,,,,,,,,,,,,,,,,,,,,,,,,,,,,,,,0.9,,,slow_freeze
0.1 M Sucrose + 10% DMSO + 20% FBS,,,,,,,,,,,,,10.0,,,,,20.0,,,,,,,,,,,,,,,,,,,,,,,,,,,,,,,,,,,,,,,,,100.0,,,0.87,,,slow_freeze
0.1 M Sucrose + 10% DMSO + 20% FBS,,,,,,,,,,,,,10.0,,,,,20.0,,,,,,,,,,,,,,,,,,,,,,,,,,,,,,,,,,,,,,,,,100.0,,,0.76,,,slow_freeze
0.1 M Sucrose + 10% DMSO + 20% FBS,,,,,,,,,,,,,10.0,,,,,20.0,,,,,,,,,,,,,,,,,,,,,,,,,,,,,,,,,,,,,,,,,100.0,,,0.7,,,slow_freeze
0.2 M Trehalose + 10% DMSO + 20% FBS,,,,,,,,,,,,,10.0,,,,,20.0,,,,,,,,,,,,,,,,,,,,,,,,,,,,,,,,,,,,,,,,,,,200.0,0.82,,,slow_freeze
0.2 M Trehalose + 10% DMSO + 20% FBS,,,,,,,,,,,,,10.0,,,,,20.0,,,,,,,,,,,,,,,,,,,,,,,,,,,,,,,,,,,,,,,,,,,200.0,0.75,,,slow_freeze
0.2 M Trehalose + 10% DMSO + 20% FBS,,,,,,,,,,,,,10.0,,,,,20.0,,,,,,,,,,,,,,,,,,,,,,,,,,,,,,,,,,,,,,,,,,,200.0,0.66,,,slow_freeze
0.1 M Sucrose + 1.5 M EG + 20% FBS,,,,,,,,,,,,,,,,,,20.0,,,,,,,,,,,,,,,,,,,,,,,,,,,,,,,,,,,,,,,,,100.0,,,0.8,,,slow_freeze
0.1 M Sucrose + 1.5 M EG + 20% FBS,,,,,,,,,,,,,,,,,,20.0,,,,,,,,,,,,,,,,,,,,,,,,,,,,,,,,,,,,,,,,,100.0,,,0.71,,,slow_freeze
0.1 M Sucrose + 1.5 M EG + 20% FBS,,,,,,,,,,,,,,,,,,20.0,,,,,,,,,,,,,,,,,,,,,,,,,,,,,,,,,,,,,,,,,100.0,,,0.65,,,slow_freeze
10% DMSO + 20% FBS,,,,,,,,,,,,,10.0,,,,,20.0,,,,,,,,,,,,,,,,,,,,,,,,,,,,,,,,,,,,,,,,,,,,0.85,,,slow_freeze
10% DMSO + 20% FBS,,,,,,,,,,,,,10.0,,,,,20.0,,,,,,,,,,,,,,,,,,,,,,,,,,,,,,,,,,,,,,,,,,,,0.78,,,slow_freeze
10% DMSO + 20% FBS,,,,,,,,,,,,,10.0,,,,,20.0,,,,,,,,,,,,,,,,,,,,,,,,,,,,,,,,,,,,,,,,,,,,0.67,,,slow_freeze
20% ethylene glycol + 20% Ficoll 70 + 0.5 M sucrose,,,,,,,,,,,,,,,20.0,,,,20.0,,,,,,,,,,,,,,,,,,,,,,,,,,,,,,,,,,,,,,,,500.0,,,,,,slow_freeze
17.5% ethylene glycol + 20% Ficoll 70 + 0.5 M sucrose,,,,,,,,,,,,,,,17.5,,,,20.0,,,,,,,,,,,,,,,,,,,,,,,,,,,,,,,,,,,,,,,,500.0,,,,,,slow_freeze
15% ethylene glycol + 20% Ficoll 70 + 0.5 M sucrose,,,,,,,,,,,,,,,15.0,,,,20.0,,,,,,,,,,,,,,,,,,,,,,,,,,,,,,,,,,,,,,,,500.0,,,,,,slow_freeze
20% ethylene glycol + 20% Ficoll 70 + 0.5 M sucrose,,,,,,,,,,,,,,,20.0,,,,20.0,,,,,,,,,,,,,,,,,,,,,,,,,,,,,,,,,,,,,,,,500.0,,,0.93,,,rapid_freeze
40% ethylene glycol + 20% Ficoll 70 + 0.5 M sucrose,,,,,,,,,,,,,,,40.0,,,,20.0,,,,,,,,,,,,,,,,,,,,,,,,,,,,,,,,,,,,,,,,500.0,,,0.826,,,rapid_freeze
35% ethylene glycol + 20% Ficoll 70 + 0.5 M sucrose,,,,,,,,,,,,,,,35.0,,,,20.0,,,,,,,,,,,,,,,,,,,,,,,,,,,,,,,,,,,,,,,,500.0,,,0.826,,,rapid_freeze
30% ethylene glycol + 20% Ficoll 70 + 0.5 M sucrose,,,,,,,,,,,,,,,30.0,,,,20.0,,,,,,,,,,,,,,,,,,,,,,,,,,,,,,,,,,,,,,,,500.0,,,0.826,,,rapid_freeze
20% ethylene glycol + 20% Ficoll 70 + 0.5 M sucrose,,,,,,,,,,,,,,,20.0,,,,20.0,,,,,,,,,,,,,,,,,,,,,,,,,,,,,,,,,,,,,,,,500.0,,,,,,slow_freeze
17.5% ethylene glycol + 20% Ficoll 70 + 0.5 M sucrose,,,,,,,,,,,,,,,17.5,,,,20.0,,,,,,,,,,,,,,,,,,,,,,,,,,,,,,,,,,,,,,,,500.0,,,,,,slow_freeze
15% ethylene glycol + 20% Ficoll 70 + 0.5 M sucrose,,,,,,,,,,,,,,,15.0,,,,20.0,,,,,,,,,,,,,,,,,,,,,,,,,,,,,,,,,,,,,,,,500.0,,,,,,slow_freeze
20% EG + 20% DMSO + 0.5 M sucrose,,,,,,,,,,,,,20.0,,20.0,,,,,,,,,,,,,,,,,,,,,,,,,,,,,,,,,,,,,,,,,,,,500.0,,,0.79,,,rapid_freeze
17.5% EG + 17.5% DMSO + 0.5 M sucrose,,,,,,,,,,,,,17.5,,17.5,,,,,,,,,,,,,,,,,,,,,,,,,,,,,,,,,,,,,,,,,,,,500.0,,,0.79,,,rapid_freeze
15% EG + 15% DMSO + 0.5 M sucrose,,,,,,,,,,,,,15.0,,15.0,,,,,,,,,,,,,,,,,,,,,,,,,,,,,,,,,,,,,,,,,,,,500.0,,,0.79,,,rapid_freeze
7.5% DMSO,,,,,,,,,,,,,7.5,,,,,,,,,,,,,,,,,,,,,,,,,,,,,,,,,,,,,,,,,,,,,,,,,0.05,,,slow_freeze
10% FBS + 1% antibiotic,,,,,1.0,,,,,,,,,,,,,10.0,,,,,,,,,,,,,,,,,,,,,,,,,,,,,,,,,,,,,,,,,,,,,,,slow_freeze
10% FBS + 5% DMSO + 1% antibiotic,,,,,1.0,,,,,,,,5.0,,,,,10.0,,,,,,,,,,,,,,,,,,,,,,,,,,,,,,,,,,,,,,,,,,,,,,,slow_freeze
95% FBS + 5% DMSO,,,,,,,,,,,,,5.0,,,,,95.0,,,,,,,,,,,,,,,,,,,,,,,,,,,,,,,,,,,,,,,,,,,,,,,slow_freeze
100% FBS,,,,,,,,,,,,,,,,,,100.0,,,,,,,,,,,,,,,,,,,,,,,,,,,,,,,,,,,,,,,,,,,,,,,slow_freeze
20% Ethylene Glycol + 20% Fetal Bovine Serum,,,,,,,,,,,,,,,20.0,,,20.0,,,,,,,,,,,,,,,,,,,,,,,,,,,,,,,,,,,,,,,,,,,,0.843,,3.4,rapid_freeze
40% Ethylene Glycol + 18% Ficoll 70 + 0.3 M Sucrose + 20% FBS,,,,,,,,,,,,,,,40.0,,,20.0,18.0,,,,,,,,,,,,,,,,,,,,,,,,,,,,,,,,,,,,,,,,300.0,,,0.843,,3.4,slow_freeze
6% Hydroxyethyl Starch + 20% DMSO,,,,,,,,,,,,,20.0,,,,,,,,,,,,6.0,,,,,,,,,,,,,,,,,,,,,,,,,,,,,,,,,,,,,,,,slow_freeze
6% Hydroxyethyl Starch,,,,,,,,,,,,,,,,,,,,,,,,,6.0,,,,,,,,,,,,,,,,,,,,,,,,,,,,,,,,,,,,,0.65,0.73,,slow_freeze
6% Hydroxyethyl Starch,,,,,,,,,,,,,,,,,,,,,,,,,6.0,,,,,,,,,,,,,,,,,,,,,,,,,,,,,,,,,,,,,0.65,0.77,,slow_freeze
95% FBS + 5% DMSO,,,,,,,,,,,,,5.0,,,,,95.0,,,,,,,,,,,,,,,,,,,,,,,,,,,,,,,,,,,,,,,,,,,,0.685,,,slow_freeze
92.5% FBS + 7.5% DMSO,,,,,,,,,,,,,7.5,,,,,92.5,,,,,,,,,,,,,,,,,,,,,,,,,,,,,,,,,,,,,,,,,,,,0.695,,,slow_freeze
90% FBS + 10% DMSO,,,,,,,,,,,,,10.0,,,,,90.0,,,,,,,,,,,,,,,,,,,,,,,,,,,,,,,,,,,,,,,,,,,,0.735,,,slow_freeze
95% FBS + 5% DMSO + 0.2 M sucrose,,,,,,,,,,,,,5.0,,,,,95.0,,,,,,,,,,,,,,,,,,,,,,,,,,,,,,,,,,,,,,,,,200.0,,,0.7,,,slow_freeze
92.5% FBS + 7.5% DMSO + 0.2 M sucrose,,,,,,,,,,,,,7.5,,,,,92.5,,,,,,,,,,,,,,,,,,,,,,,,,,,,,,,,,,,,,,,,,200.0,,,0.71,,,slow_freeze
90% FBS + 10% DMSO + 0.2 M sucrose,,,,,,,,,,,,,10.0,,,,,90.0,,,,,,,,,,,,,,,,,,,,,,,,,,,,,,,,,,,,,,,,,200.0,,,0.731,,,slow_freeze
95% FBS + 5% Ethylene Glycol,,,,,,,,,,,,,,,5.0,,,95.0,,,,,,,,,,,,,,,,,,,,,,,,,,,,,,,,,,,,,,,,,,,,0.696,,,slow_freeze
92.5% FBS + 7.5% Ethylene Glycol,,,,,,,,,,,,,,,7.5,,,92.5,,,,,,,,,,,,,,,,,,,,,,,,,,,,,,,,,,,,,,,,,,,,0.72,,,slow_freeze
90% FBS + 10% Ethylene Glycol,,,,,,,,,,,,,,,10.0,,,90.0,,,,,,,,,,,,,,,,,,,,,,,,,,,,,,,,,,,,,,,,,,,,0.738,,,slow_freeze
95% FBS + 5% Ethylene Glycol + 0.2 M sucrose,,,,,,,,,,,,,,,5.0,,,95.0,,,,,,,,,,,,,,,,,,,,,,,,,,,,,,,,,,,,,,,,,200.0,,,0.682,,,slow_freeze
92.5% FBS + 7.5% Ethylene Glycol + 0.2 M sucrose,,,,,,,,,,,,,,,7.5,,,92.5,,,,,,,,,,,,,,,,,,,,,,,,,,,,,,,,,,,,,,,,,200.0,,,0.73,,,slow_freeze
90% FBS + 10% Ethylene Glycol + 0.2 M sucrose,,,,,,,,,,,,,,,10.0,,,90.0,,,,,,,,,,,,,,,,,,,,,,,,,,,,,,,,,,,,,,,,,200.0,,,0.749,,,slow_freeze
95% FBS + 5% Glycerol,,,,,,,,,,,,,,,,,,95.0,,,,,,,,,,,,,,,,,,,,,,,,,,,,,,,,,,,,,,,,,,,,0.424,,,slow_freeze
92.5% FBS + 7.5% Glycerol,,,,,,,,,,,,,,,,,,92.5,,,,,,,,,,,,,,,,,,,,,,,,,,,,,,,,,,,,,,,,,,,,0.476,,,slow_freeze
90% FBS + 10% Glycerol,,,,,,,,,,,,,,,,,,90.0,,,,,,,,,,,,,,,,,,,,,,,,,,,,,,,,,,,,,,,,,,,,0.521,,,slow_freeze
95% FBS + 5% Glycerol + 0.2 M sucrose,,,,,,,,,,,,,,,,,,95.0,,,,,,,,,,,,,,,,,,,,,,,,,,,,,,,,,,,,,,,,,200.0,,,0.503,,,slow_freeze
92.5% FBS + 7.5% Glycerol + 0.2 M sucrose,,,,,,,,,,,,,,,,,,92.5,,,,,,,,,,,,,,,,,,,,,,,,,,,,,,,,,,,,,,,,,200.0,,,0.553,,,slow_freeze
90% FBS + 10% Glycerol + 0.2 M sucrose,,,,,,,,,,,,,,,,,,90.0,,,,,,,,,,,,,,,,,,,,,,,,,,,,,,,,,,,,,,,,,200.0,,,0.69,,,slow_freeze
50 mg/ml P1,,,,,,,,,,,,,,,,,,,,,,,,,,,,,,,,,50.0,,,,,,,,,,,,,,,,,,,,,,,,,,,,,,0.7,,slow_freeze
50 mg/ml P1,,,,,,,,,,,,,,,,,,,,,,,,,,,,,,,,,50.0,,,,,,,,,,,,,,,,,,,,,,,,,,,,,,0.87,,slow_freeze
50 mg/ml P2,,,,,,,,,,,,,,,,,,,,,,,,,,,,,,,,,,50.0,,,,,,,,,,,,,,,,,,,,,,,,,,,,,0.5,,slow_freeze
30 mg/ml P3,,,,,,,,,,,,,,,,,,,,,,,,,,,,,,,,,,,30.0,,,,,,,,,,,,,,,,,,,,,,,,,,,,0.2,,slow_freeze
50 mg/ml P4,,,,,,,,,,,,,,,,,,,,,,,,,,,,,,,,,,,,50.0,,,,,,,,,,,,,,,,,,,,,,,,,,,0.15,,slow_freeze
50 mg/ml PEG 5000,,,,,,,,,,,,,,,,,,,,,,,,,,,,,,,,,,,,,,,,,,,50.0,,,,,,,,,,,,,,,,,,,,0.35,,slow_freeze
50 mg/ml PEG 1000,,,,,,,,,,,,,,,,,,,,,,,,,,,,,,,,,,,,,,50.0,,,,,,,,,,,,,,,,,,,,,,,,,0.17,,slow_freeze
30 mg/ml 80% Hydrolysed PVA,,,30.0,,,,,,,,,,,,,,,,,,,,,,,,,,,,,,,,,,,,,,,,,,,,,,,,,,,,,,,,,,,,0.1,,slow_freeze
30 mg/ml 100% Hydrolysed PVA,,30.0,,,,,,,,,,,,,,,,,,,,,,,,,,,,,,,,,,,,,,,,,,,,,,,,,,,,,,,,,,,,,0.12,,slow_freeze
90% human serum + 10% DMSO,,,,,,,,,,,,,10.0,,,,,,,,,,,,,,,90.0,,,,,,,,,,,,,,,,,,,,,,,,,,,,,,,,,,0.9,,1.0,slow_freeze
10% DMSO + 80% FBS,,,,,,,,,,,,,10.0,,,,,80.0,,,,,,,,,,,,,,,,,,,,,,,,,,,,,,,,,,,,,,,,,,,,0.811,,,slow_freeze
