all ingredients in cryoprotective solution,eg(%),dmso(%),trehalose(%),fbs(%),sucrose(%),fs(%),glycerol(%),mannitol(%),creatine(%),cooh-pll(%),huxuc-90011(%),dmem(%),viability,recovery,doubling time,cooling rate,other_cpas(%),other_sugars(%),other_polymers_proteins(%),total_peg(%),other_additives(%)
1.67% Ethylene glycol + 0.0125% Taurine + 1% Ectoine+10% DMSO,1.67,10.0,0.0,0.0,0.0,0.0,0.0,0.0,0.0,0.0,0.0,0.0,0.96,0.21,Not explicitly mentioned,slow_freeze,0.0,0.0,0.0,0.0,1.0125
8.56% trehalose,0.0,0.0,8.56,0.0,0.0,0.0,0.0,0.0,0.0,0.0,0.0,0.0,0.125,0.0,Not explicitly stated; similar cell numbers from day 1 to 14 for fresh and cryopreserved ASCs suggest comparable proliferation rates. It takes around 14 days for them to double.,slow_freeze,0.0,0.0,0.0,0.0,0.0
5% DMSO,0.0,5.0,0.0,0.0,0.0,0.0,0.0,0.0,0.0,0.0,0.0,0.0,0.71,0.0,Not explicitly stated; similar cell numbers from day 1 to 14 for fresh and cryopreserved ASCs suggest comparable proliferation rates,slow_freeze,0.0,0.0,0.0,0.0,0.0
10% DMSO,0.0,10.0,0.0,0.0,0.0,0.0,0.0,0.0,0.0,0.0,0.0,0.0,0.82,0.0,Not explicitly stated; similar cell numbers from day 1 to 14 for fresh and cryopreserved ASCs suggest comparable proliferation rates,slow_freeze,0.0,0.0,0.0,0.0,0.0
5% DMSO + 20% FBS,0.0,5.0,0.0,20.0,0.0,0.0,0.0,0.0,0.0,0.0,0.0,0.0,0.82,0.0,Not explicitly stated; similar cell numbers from day 1 to 14 for fresh and cryopreserved ASCs suggest comparable proliferation rates,slow_freeze,0.0,0.0,0.0,0.0,0.0
10% DMSO + 20% FBS,0.0,10.0,0.0,20.0,0.0,0.0,0.0,0.0,0.0,0.0,0.0,0.0,0.84,0.0,Not explicitly stated; similar cell numbers from day 1 to 14 for fresh and cryopreserved ASCs suggest comparable proliferation rates,slow_freeze,0.0,0.0,0.0,0.0,0.0
10% DMSO + 90% FBS,0.0,10.0,0.0,90.0,0.0,0.0,0.0,0.0,0.0,0.0,0.0,0.0,0.82,0.0,Not explicitly stated; similar cell numbers from day 1 to 14 for fresh and cryopreserved ASCs suggest comparable proliferation rates,slow_freeze,0.0,0.0,0.0,0.0,0.0
10% fetal calf serum + 5% DMSO,0.0,5.0,0.0,10.0,0.0,0.0,0.0,0.0,0.0,0.0,0.0,0.0,0.6625,0.0,,slow_freeze,0.0,0.0,0.0,0.0,0.0
0.00038% S1P + 0.90% glucose + 1.71% sucrose + 8.37% ethylene glycol,8.37,0.0,0.0,0.0,1.71,0.0,0.0,0.0,0.0,0.0,0.0,0.0,0.914,0.0,34.2,slow_freeze,0.00038,0.9,0.0,0.0,0.0
10% DMSO + 10% FBS,0.0,10.0,0.0,10.0,0.0,0.0,0.0,0.0,0.0,0.0,0.0,0.0,0.857,0.0,37.63,slow_freeze,0.0,0.0,0.0,0.0,0.0
0.90% glucose + 1.71% sucrose + 8.37% ethylene glycol,8.37,0.0,0.0,0.0,1.71,0.0,0.0,0.0,0.0,0.0,0.0,0.0,0.84,0.0,37.8,slow_freeze,0.0,0.9,0.0,0.0,0.0
10% Me2SO + 4% human albumin,0.0,10.0,0.0,0.0,0.0,0.0,0.0,0.0,0.0,0.0,0.0,0.0,0.952,0.9,"No significant difference in Max PDT among STD10, CS2, CS10, PIM1, PIM2",slow_freeze,0.0,0.0,4.0,0.0,0.0
1% Me2SO + 10% pentaisomaltose + 4% HA,0.0,1.0,0.0,0.0,0.0,0.0,0.0,0.0,0.0,0.0,0.0,0.0,,0.9356,"No significant difference in Max PDT among STD10, CS2, CS10, PIM1, PIM2; time to 100% confluency 90.4 h (p < 0.01 vs. CS10)",slow_freeze,0.0,10.0,4.0,0.0,0.0
2% Me2SO + 10% pentaisomaltose + 4% HA,0.0,2.0,0.0,0.0,0.0,0.0,0.0,0.0,0.0,0.0,0.0,0.0,0.957,0.938,"No significant difference in Max PDT among STD10, CS2, CS10, PIM1, PIM2",slow_freeze,0.0,10.0,4.0,0.0,0.0
1.14% w/w trehalose + 2.5% v/v DMSO,0.0,2.5,1.14,0.0,0.0,0.0,0.0,0.0,0.0,0.0,0.0,0.0,0.9418,0.9118,,multi_freeze,0.0,0.0,0.0,0.0,0.0
10% ethyleneglycol + 2.0% DMSO,10.0,2.0,0.0,0.0,0.0,0.0,0.0,0.0,0.0,0.0,0.0,0.0,0.9235,0.8735,stem cells average CFU (36.14¬±2.06)√ó10^5(fresh UCB) and (27.78¬±0.58)√ó10^5(after thawing),multi_freeze,0.0,0.0,0.0,0.0,0.0
10% DMSO + 2.0% dextran-40,0.0,10.0,0.0,0.0,0.0,0.0,0.0,0.0,0.0,0.0,0.0,0.0,0.8943,0.8243,stem cells average CFU (36.14¬±2.06)√ó10^5(fresh UCB) and (22.25¬±0.52)√ó10^5(after thawing),multi_freeze,0.0,0.0,2.0,0.0,0.0
7.5% DMSO + 5% Human albumin ,0.0,7.5,0.0,0.0,0.0,0.0,0.0,0.0,0.0,0.0,0.0,0.0,0.98,0.567,Not reported¬†,multi_freeze,0.0,0.0,5.0,0.0,0.0
1% HAS + 3.5% DMSO + 2.5% HES,0.0,3.5,0.0,0.0,0.0,0.0,0.0,0.0,0.0,0.0,0.0,0.0,0.68,0.796,Not mentioned,slow_freeze,0.0,0.0,3.5,0.0,0.0
5% DMSO + 6% HES,0.0,5.0,0.0,0.0,0.0,0.0,0.0,0.0,0.0,0.0,0.0,0.0,0.8225,0.967,,slow_freeze,0.0,0.0,6.0,0.0,0.0
10% DMSO,0.0,10.0,0.0,0.0,0.0,0.0,0.0,0.0,0.0,0.0,0.0,0.0,0.98,0.629,,slow_freeze,0.0,0.0,0.0,0.0,0.0
5% DMSO + 6% HES,0.0,5.0,0.0,0.0,0.0,0.0,0.0,0.0,0.0,0.0,0.0,0.0,,0.866,,slow_freeze,0.0,0.0,6.0,0.0,0.0
5% DMSO + 6% HES,0.0,5.0,0.0,0.0,0.0,0.0,0.0,0.0,0.0,0.0,0.0,0.0,,1.0,,slow_freeze,0.0,0.0,6.0,0.0,0.0
10% DMSO,0.0,10.0,0.0,0.0,0.0,0.0,0.0,0.0,0.0,0.0,0.0,0.0,0.9,0.86,,slow_freeze,0.0,0.0,0.0,0.0,0.0
5% DMSO,0.0,5.0,0.0,0.0,0.0,0.0,0.0,0.0,0.0,0.0,0.0,0.0,0.847,0.86,,slow_freeze,0.0,0.0,0.0,0.0,0.0
5% DMSO,0.0,5.0,0.0,0.0,0.0,0.0,0.0,0.0,0.0,0.0,0.0,0.0,0.78,0.91,,slow_freeze,0.0,0.0,0.0,0.0,0.0
10% DMSO + 10% FBS,0.0,10.0,0.0,10.0,0.0,0.0,0.0,0.0,0.0,0.0,0.0,0.0,0.73,,55.49¬±0.06 h close to the contorl (54.28¬±0.05 h),multi_freeze,0.0,0.0,0.0,0.0,0.0
10% PVP + 10% FBS,0.0,0.0,0.0,10.0,0.0,0.0,0.0,0.0,0.0,0.0,0.0,0.0,0.74,,55.13¬±0.03,multi_freeze,0.0,0.0,10.0,0.0,0.0
10% FBS + 0.90% glucose + 1.71% sucrose + 8.37% ethylene glycol,8.37,0.0,0.0,10.0,1.71,0.0,0.0,0.0,0.0,0.0,0.0,0.0,0.66,,55.79¬±0.12 h,multi_freeze,0.0,0.9,0.0,0.0,0.0
10% PVP,0.0,0.0,0.0,0.0,0.0,0.0,0.0,0.0,0.0,0.0,0.0,0.0,0.4,,Not mentioned,multi_freeze,0.0,0.0,10.0,0.0,0.0
0.90% glucose + 1.71% sucrose + 8.37% ethylene glycol,8.37,0.0,0.0,0.0,1.71,0.0,0.0,0.0,0.0,0.0,0.0,0.0,0.5,,Not mentioned,multi_freeze,0.0,0.9,0.0,0.0,0.0
10% DMSO,0.0,10.0,0.0,0.0,0.0,0.0,0.0,0.0,0.0,0.0,0.0,0.0,0.58,,Not mentioned,multi_freeze,0.0,0.0,0.0,0.0,0.0
3.5% DMSO + 1% human serum albumin + 2.5% HES,0.0,3.5,0.0,0.0,0.0,0.0,0.0,0.0,0.0,0.0,0.0,0.0,,0.475,Not reported; study focused on engraftment and hematopoietic reconstitution rather than proliferation rates,slow_freeze,0.0,0.0,3.5,0.0,0.0
10% HES450,0.0,0.0,0.0,0.0,0.0,0.0,0.0,0.0,0.0,0.0,0.0,0.0,0.1,,Not mentioned,slow_freeze,0.0,0.0,10.0,0.0,0.0
1% DMSO + 9% HES450,0.0,1.0,0.0,0.0,0.0,0.0,0.0,0.0,0.0,0.0,0.0,0.0,0.17,,Not mentioned,slow_freeze,0.0,0.0,9.0,0.0,0.0
2% DMSO + 8% HES450,0.0,2.0,0.0,0.0,0.0,0.0,0.0,0.0,0.0,0.0,0.0,0.0,0.2,,Not mentioned,slow_freeze,0.0,0.0,8.0,0.0,0.0
3% DMSO + 7% HES450,0.0,3.0,0.0,0.0,0.0,0.0,0.0,0.0,0.0,0.0,0.0,0.0,0.22,,Not mentioned,slow_freeze,0.0,0.0,7.0,0.0,0.0
4% DMSO + 6% HES450,0.0,4.0,0.0,0.0,0.0,0.0,0.0,0.0,0.0,0.0,0.0,0.0,0.5,,Not mentioned,slow_freeze,0.0,0.0,6.0,0.0,0.0
5% DMSO + 5% HES450,0.0,5.0,0.0,0.0,0.0,0.0,0.0,0.0,0.0,0.0,0.0,0.0,0.8,,Not mentioned,slow_freeze,0.0,0.0,5.0,0.0,0.0
6% DMSO + 4% HES450,0.0,6.0,0.0,0.0,0.0,0.0,0.0,0.0,0.0,0.0,0.0,0.0,0.7,,Not mentioned,slow_freeze,0.0,0.0,4.0,0.0,0.0
7% DMSO + 3% HES450,0.0,7.0,0.0,0.0,0.0,0.0,0.0,0.0,0.0,0.0,0.0,0.0,1.0,,Not mentioned,slow_freeze,0.0,0.0,3.0,0.0,0.0
8% DMSO + 2% HES450,0.0,8.0,0.0,0.0,0.0,0.0,0.0,0.0,0.0,0.0,0.0,0.0,1.0,,Not mentioned,slow_freeze,0.0,0.0,2.0,0.0,0.0
9% DMSO + 1% HES450,0.0,9.0,0.0,0.0,0.0,0.0,0.0,0.0,0.0,0.0,0.0,0.0,0.8,,Not mentioned,slow_freeze,0.0,0.0,1.0,0.0,0.0
10% DMSO,0.0,10.0,0.0,0.0,0.0,0.0,0.0,0.0,0.0,0.0,0.0,0.0,0.9,,Not mentioned,slow_freeze,0.0,0.0,0.0,0.0,0.0
6.85% sucrose + 10% PL,0.0,0.0,0.0,0.0,6.85,0.0,0.0,0.0,0.0,0.0,0.0,0.0,0.58,0.55,42.0 ¬± 4.8 h,slow_freeze,0.0,0.0,10.0,0.0,0.0
6.85% sucrose + 10% FS,0.0,0.0,0.0,0.0,6.85,10.0,0.0,0.0,0.0,0.0,0.0,0.0,0.45,0.45,89.2 ¬± 4.3 h,slow_freeze,0.0,0.0,0.0,0.0,0.0
30% FBS + 5% DMSO,0.0,5.0,0.0,30.0,0.0,0.0,0.0,0.0,0.0,0.0,0.0,0.0,0.8507,,Not mentioned,slow_freeze,0.0,0.0,0.0,0.0,0.0
4.5% HAS,0.0,0.0,0.0,0.0,0.0,0.0,0.0,0.0,0.0,0.0,0.0,0.0,0.0516,,Not mentioned,slow_freeze,0.0,0.0,4.5,0.0,0.0
0.5% DMSO + 99.5% HAS,0.0,0.5,0.0,0.0,0.0,0.0,0.0,0.0,0.0,0.0,0.0,0.0,0.22,,Not mentioned,slow_freeze,0.0,0.0,99.5,0.0,0.0
1% DMSO + 99% HAS,0.0,1.0,0.0,0.0,0.0,0.0,0.0,0.0,0.0,0.0,0.0,0.0,0.28,,Not mentioned,slow_freeze,0.0,0.0,99.0,0.0,0.0
2% DMSO + 98% HAS,0.0,2.0,0.0,0.0,0.0,0.0,0.0,0.0,0.0,0.0,0.0,0.0,0.65,,Not mentioned,slow_freeze,0.0,0.0,98.0,0.0,0.0
4% DMSO + 96% HAS,0.0,4.0,0.0,0.0,0.0,0.0,0.0,0.0,0.0,0.0,0.0,0.0,0.68,,Not mentioned,slow_freeze,0.0,0.0,96.0,0.0,0.0
5% DMSO + 95% HAS,0.0,5.0,0.0,0.0,0.0,0.0,0.0,0.0,0.0,0.0,0.0,0.0,0.8565,,Not mentioned,slow_freeze,0.0,0.0,95.0,0.0,0.0
10% DMSO + 90% HAS,0.0,10.0,0.0,0.0,0.0,0.0,0.0,0.0,0.0,0.0,0.0,0.0,0.885,,Not mentioned,slow_freeze,0.0,0.0,90.0,0.0,0.0
15% DMSO + 85% HAS,0.0,15.0,0.0,0.0,0.0,0.0,0.0,0.0,0.0,0.0,0.0,0.0,0.706,,Not mentioned,slow_freeze,0.0,0.0,85.0,0.0,0.0
20% DMSO + 80% HAS,0.0,20.0,0.0,0.0,0.0,0.0,0.0,0.0,0.0,0.0,0.0,0.0,0.641,,Not mentioned,slow_freeze,0.0,0.0,80.0,0.0,0.0
10.27% Trehalose,0.0,0.0,10.27,0.0,0.0,0.0,0.0,0.0,0.0,0.0,0.0,0.0,0.47,,Not mentioned,slow_freeze,0.0,0.0,0.0,0.0,0.0
20.54% Trehalose,0.0,0.0,20.54,0.0,0.0,0.0,0.0,0.0,0.0,0.0,0.0,0.0,0.56,,Not mentioned,slow_freeze,0.0,0.0,0.0,0.0,0.0
34.23% Trehalose,0.0,0.0,34.23,0.0,0.0,0.0,0.0,0.0,0.0,0.0,0.0,0.0,0.65,,Not mentioned,slow_freeze,0.0,0.0,0.0,0.0,0.0
42.79% Trehalose,0.0,0.0,42.79,0.0,0.0,0.0,0.0,0.0,0.0,0.0,0.0,0.0,0.58,,Not mentioned,slow_freeze,0.0,0.0,0.0,0.0,0.0
10% Glycerol,0.0,0.0,0.0,0.0,0.0,0.0,10.0,0.0,0.0,0.0,0.0,0.0,0.54,,Not mentioned,slow_freeze,0.0,0.0,0.0,0.0,0.0
20% Glycerol,0.0,0.0,0.0,0.0,0.0,0.0,20.0,0.0,0.0,0.0,0.0,0.0,0.63,,Not mentioned,slow_freeze,0.0,0.0,0.0,0.0,0.0
30% Glycerol,0.0,0.0,0.0,0.0,0.0,0.0,30.0,0.0,0.0,0.0,0.0,0.0,0.5,,Not mentioned,slow_freeze,0.0,0.0,0.0,0.0,0.0
32.23% Trehalose + 20% Glycerol,0.0,0.0,32.23,0.0,0.0,0.0,20.0,0.0,0.0,0.0,0.0,0.0,0.77,,Not mentioned,slow_freeze,0.0,0.0,0.0,0.0,0.0
10% DMSO + 90% FBS,0.0,10.0,0.0,90.0,0.0,0.0,0.0,0.0,0.0,0.0,0.0,0.0,0.75,,Not mentioned,slow_freeze,0.0,0.0,0.0,0.0,0.0
10% DMSO,0.0,10.0,0.0,0.0,0.0,0.0,0.0,0.0,0.0,0.0,0.0,0.0,0.8,,Not mentioned,slow_freeze,0.0,0.0,0.0,0.0,0.0
10% DMSO + 0.0003383% ROCK inhibitor,0.0,10.0,0.0,0.0,0.0,0.0,0.0,0.0,0.0,0.0,0.0,0.0,0.82,,Not mentioned,slow_freeze,0.0,0.0,0.0,0.0,0.0003383
7.5% DMSO,0.0,7.5,0.0,0.0,0.0,0.0,0.0,0.0,0.0,0.0,0.0,0.0,0.84,,Not mentioned,slow_freeze,0.0,0.0,0.0,0.0,0.0
7.5% DMSO + 0.0003383% ROCK inhibitor,0.0,7.5,0.0,0.0,0.0,0.0,0.0,0.0,0.0,0.0,0.0,0.0,0.76,,Not mentioned,slow_freeze,0.0,0.0,0.0,0.0,0.0003383
7.5% DMSO + 2.5% PEG,0.0,7.5,0.0,0.0,0.0,0.0,0.0,0.0,0.0,0.0,0.0,0.0,0.87,,Not mentioned,slow_freeze,0.0,0.0,0.0,2.5,0.0
7.5% DMSO + 2.5% PEG + 0.0003383% ROCK inhibitor,0.0,7.5,0.0,0.0,0.0,0.0,0.0,0.0,0.0,0.0,0.0,0.0,0.85,,Not mentioned,slow_freeze,0.0,0.0,0.0,2.5,0.0003383
10% PROH,0.0,0.0,0.0,0.0,0.0,0.0,0.0,0.0,0.0,0.0,0.0,0.0,0.56,,Not mentioned,slow_freeze,10.0,0.0,0.0,0.0,0.0
7.5% PROH + 2.5% PEG,0.0,0.0,0.0,0.0,0.0,0.0,0.0,0.0,0.0,0.0,0.0,0.0,0.74,,Not mentioned,slow_freeze,7.5,0.0,0.0,2.5,0.0
10% DMSO + 30% FBS,0.0,10.0,0.0,30.0,0.0,0.0,0.0,0.0,0.0,0.0,0.0,0.0,0.92,0.51,Not measrued ,slow_freeze,0.0,0.0,0.0,0.0,0.0
2.5% DMSO + 30% FBS,0.0,2.5,0.0,30.0,0.0,0.0,0.0,0.0,0.0,0.0,0.0,0.0,0.47,0.17,Not measured ,slow_freeze,0.0,0.0,0.0,0.0,0.0
2.5% DMSO + 30% FBS + 2.0% polyampholyte,0.0,2.5,0.0,30.0,0.0,0.0,0.0,0.0,0.0,0.0,0.0,0.0,0.76,0.3,Not Measured ,slow_freeze,0.0,0.0,2.0,0.0,0.0
20% FBS + 5% DMSO,0.0,5.0,0.0,20.0,0.0,0.0,0.0,0.0,0.0,0.0,0.0,0.0,0.87,,30 ¬± 4 hours ,slow_freeze,0.0,0.0,0.0,0.0,0.0
20% FBS + 10% DMSO,0.0,10.0,0.0,20.0,0.0,0.0,0.0,0.0,0.0,0.0,0.0,0.0,0.95,,30 ¬± 4 hours ,slow_freeze,0.0,0.0,0.0,0.0,0.0
20% FBS + 5% Glycerol,0.0,0.0,0.0,20.0,0.0,0.0,5.0,0.0,0.0,0.0,0.0,0.0,0.78,,30 ¬± 4 hours ,slow_freeze,0.0,0.0,0.0,0.0,0.0
20% FBS + 10% Glycerol,0.0,0.0,0.0,20.0,0.0,0.0,10.0,0.0,0.0,0.0,0.0,0.0,0.83,,30 ¬± 4 hours ,slow_freeze,0.0,0.0,0.0,0.0,0.0
20% FBS + 1.03% sucrose,0.0,0.0,0.0,20.0,1.03,0.0,0.0,0.0,0.0,0.0,0.0,0.0,0.21,,30 ¬± 4 hours ,slow_freeze,0.0,0.0,0.0,0.0,0.0
20% FBS + 2.05% sucrose,0.0,0.0,0.0,20.0,2.05,0.0,0.0,0.0,0.0,0.0,0.0,0.0,0.28,,30 ¬± 4 hours ,slow_freeze,0.0,0.0,0.0,0.0,0.0
20% FBS + 2.05% trehalose,0.0,0.0,2.05,20.0,0.0,0.0,0.0,0.0,0.0,0.0,0.0,0.0,0.36,,30 ¬± 4 hours ,slow_freeze,0.0,0.0,0.0,0.0,0.0
20% FBS + 3.42% trehalose,0.0,0.0,3.42,20.0,0.0,0.0,0.0,0.0,0.0,0.0,0.0,0.0,0.38,,30 ¬± 4 hours ,slow_freeze,0.0,0.0,0.0,0.0,0.0
10% DMSO + 10% FBS,0.0,10.0,0.0,10.0,0.0,0.0,0.0,0.0,0.0,0.0,0.0,0.0,0.297,,Not reported,slow_freeze,0.0,0.0,0.0,0.0,0.0
0.90% glucose + 1.71% sucrose + 8.37% ethylene glycol,8.37,0.0,0.0,0.0,1.71,0.0,0.0,0.0,0.0,0.0,0.0,0.0,0.327,,Not reported,slow_freeze,0.0,0.9,0.0,0.0,0.0
10% DMSO + 10% FBS,0.0,10.0,0.0,10.0,0.0,0.0,0.0,0.0,0.0,0.0,0.0,0.0,0.353,,Not reported,multi_freeze,0.0,0.0,0.0,0.0,0.0
0.90% glucose + 1.71% sucrose + 8.37% ethylene glycol,8.37,0.0,0.0,0.0,1.71,0.0,0.0,0.0,0.0,0.0,0.0,0.0,0.793,,Not reported,multi_freeze,0.0,0.9,0.0,0.0,0.0
80% HS + 10% DMSO,0.0,10.0,0.0,0.0,0.0,0.0,0.0,0.0,0.0,0.0,0.0,0.0,0.825,,Not mentioned,slow_freeze,0.0,0.0,80.0,0.0,0.0
80% FCS + 10% DMSO,0.0,10.0,0.0,80.0,0.0,0.0,0.0,0.0,0.0,0.0,0.0,0.0,0.841,,Not mentioned,slow_freeze,0.0,0.0,0.0,0.0,0.0
1% PVP,0.0,0.0,0.0,0.0,0.0,0.0,0.0,0.0,0.0,0.0,0.0,0.0,0.057,,Not mentioned,slow_freeze,0.0,0.0,1.0,0.0,0.0
5% PVP,0.0,0.0,0.0,0.0,0.0,0.0,0.0,0.0,0.0,0.0,0.0,0.0,0.493,,Not mentioned,slow_freeze,0.0,0.0,5.0,0.0,0.0
10% PVP,0.0,0.0,0.0,0.0,0.0,0.0,0.0,0.0,0.0,0.0,0.0,0.0,0.697,,Not mentioned,slow_freeze,0.0,0.0,10.0,0.0,0.0
20% PVP,0.0,0.0,0.0,0.0,0.0,0.0,0.0,0.0,0.0,0.0,0.0,0.0,0.555,,Not mentioned,slow_freeze,0.0,0.0,20.0,0.0,0.0
40% PVP,0.0,0.0,0.0,0.0,0.0,0.0,0.0,0.0,0.0,0.0,0.0,0.0,0.046,,Not mentioned,slow_freeze,0.0,0.0,40.0,0.0,0.0
5% PVP + 10% HS,0.0,0.0,0.0,0.0,0.0,0.0,0.0,0.0,0.0,0.0,0.0,0.0,0.532,,Not mentioned,slow_freeze,0.0,0.0,15.0,0.0,0.0
10% PVP + 10% HS,0.0,0.0,0.0,0.0,0.0,0.0,0.0,0.0,0.0,0.0,0.0,0.0,0.721,,Not mentioned,slow_freeze,0.0,0.0,20.0,0.0,0.0
20% PVP + 10% HS,0.0,0.0,0.0,0.0,0.0,0.0,0.0,0.0,0.0,0.0,0.0,0.0,0.618,,Not mentioned,slow_freeze,0.0,0.0,30.0,0.0,0.0
5% PVP + 10% FCS,0.0,0.0,0.0,10.0,0.0,0.0,0.0,0.0,0.0,0.0,0.0,0.0,0.554,,Not mentioned,slow_freeze,0.0,0.0,5.0,0.0,0.0
10% PVP + 10% FCS,0.0,0.0,0.0,10.0,0.0,0.0,0.0,0.0,0.0,0.0,0.0,0.0,0.692,,Not mentioned,slow_freeze,0.0,0.0,10.0,0.0,0.0
20% PVP + 10% FCS,0.0,0.0,0.0,10.0,0.0,0.0,0.0,0.0,0.0,0.0,0.0,0.0,0.643,,Not mentioned,slow_freeze,0.0,0.0,20.0,0.0,0.0
10% PVP + 40% FCS,0.0,0.0,0.0,40.0,0.0,0.0,0.0,0.0,0.0,0.0,0.0,0.0,0.705,,Not mentioned,slow_freeze,0.0,0.0,10.0,0.0,0.0
10% PVP + 80% FCS,0.0,0.0,0.0,80.0,0.0,0.0,0.0,0.0,0.0,0.0,0.0,0.0,0.725,,Not mentioned,slow_freeze,0.0,0.0,10.0,0.0,0.0
2.80% ethylene glycol ,2.8,0.0,0.0,0.0,0.0,0.0,0.0,0.0,0.0,0.0,0.0,0.0,0.65,,Not mentioned ,slow_freeze,0.0,0.0,0.0,0.0,0.0
5.58% ethylene glycol ,5.58,0.0,0.0,0.0,0.0,0.0,0.0,0.0,0.0,0.0,0.0,0.0,0.75,,Not mentioned ,slow_freeze,0.0,0.0,0.0,0.0,0.0
8.37% ethylene glycol,8.37,0.0,0.0,0.0,0.0,0.0,0.0,0.0,0.0,0.0,0.0,0.0,0.77,,Not mentioned ,slow_freeze,0.0,0.0,0.0,0.0,0.0
3.67% propylene glycol,0.0,0.0,0.0,0.0,0.0,0.0,0.0,0.0,0.0,0.0,0.0,0.0,0.43,,Not mentioned ,slow_freeze,3.67,0.0,0.0,0.0,0.0
7.35%  propylene glycol,0.0,0.0,0.0,0.0,0.0,0.0,0.0,0.0,0.0,0.0,0.0,0.0,0.68,,Not mentioned ,slow_freeze,7.35,0.0,0.0,0.0,0.0
11.02%  propylene glycol ,0.0,0.0,0.0,0.0,0.0,0.0,0.0,0.0,0.0,0.0,0.0,0.0,0.67,,Not mentioned ,slow_freeze,11.02,0.0,0.0,0.0,0.0
7.81% DMSO ,0.0,7.81,0.0,0.0,0.0,0.0,0.0,0.0,0.0,0.0,0.0,0.0,0.74,,Not mentioned ,slow_freeze,0.0,0.0,0.0,0.0,0.0
15.63% DMSO ,0.0,15.63,0.0,0.0,0.0,0.0,0.0,0.0,0.0,0.0,0.0,0.0,0.906,,Not mentioned ,slow_freeze,0.0,0.0,0.0,0.0,0.0
23.44% DMSO ,0.0,23.44,0.0,0.0,0.0,0.0,0.0,0.0,0.0,0.0,0.0,0.0,0.91,,Not mentioned ,slow_freeze,0.0,0.0,0.0,0.0,0.0
10% DMSO + 3.42% maltose + 1% sericin,0.0,10.0,0.0,0.0,0.0,0.0,0.0,0.0,0.0,0.0,0.0,0.0,0.95,,Not mentioned ,slow_freeze,0.0,3.42,1.0,0.0,0.0
80% HS + 10% DMSO,0.0,10.0,0.0,0.0,0.0,0.0,0.0,0.0,0.0,0.0,0.0,0.0,0.825,,Not mentioned ,slow_freeze,0.0,0.0,80.0,0.0,0.0
80% FCS + 10% DMSO,0.0,10.0,0.0,80.0,0.0,0.0,0.0,0.0,0.0,0.0,0.0,0.0,0.841,,Not mentioned ,slow_freeze,0.0,0.0,0.0,0.0,0.0
2% DMSO,0.0,2.0,0.0,0.0,0.0,0.0,0.0,0.0,0.0,0.0,0.0,0.0,0.838,,Not mentioned ,slow_freeze,0.0,0.0,0.0,0.0,0.0
4% DMSO,0.0,4.0,0.0,0.0,0.0,0.0,0.0,0.0,0.0,0.0,0.0,0.0,0.806,,Not mentioned ,slow_freeze,0.0,0.0,0.0,0.0,0.0
6% DMSO,0.0,6.0,0.0,0.0,0.0,0.0,0.0,0.0,0.0,0.0,0.0,0.0,0.86,,Not mentioned ,slow_freeze,0.0,0.0,0.0,0.0,0.0
8% DMSO,0.0,8.0,0.0,0.0,0.0,0.0,0.0,0.0,0.0,0.0,0.0,0.0,0.856,,Not mentioned ,slow_freeze,0.0,0.0,0.0,0.0,0.0
10% DMSO,0.0,10.0,0.0,0.0,0.0,0.0,0.0,0.0,0.0,0.0,0.0,0.0,0.879,,Not mentioned ,slow_freeze,0.0,0.0,0.0,0.0,0.0
1% MC,0.0,0.0,0.0,0.0,0.0,0.0,0.0,0.0,0.0,0.0,0.0,0.0,0.468,,Not mentioned ,slow_freeze,0.0,0.0,1.0,0.0,0.0
1% MC + 10% HS,0.0,0.0,0.0,0.0,0.0,0.0,0.0,0.0,0.0,0.0,0.0,0.0,0.4,,Not mentioned ,slow_freeze,0.0,0.0,11.0,0.0,0.0
1% MC + 10% FCS,0.0,0.0,0.0,10.0,0.0,0.0,0.0,0.0,0.0,0.0,0.0,0.0,0.4,,Not mentioned ,slow_freeze,0.0,0.0,1.0,0.0,0.0
1% MC + 10% DMSO,0.0,10.0,0.0,0.0,0.0,0.0,0.0,0.0,0.0,0.0,0.0,0.0,0.798,,Not mentioned ,slow_freeze,0.0,0.0,1.0,0.0,0.0
10% DMSO,0.0,10.0,0.0,0.0,0.0,0.0,0.0,0.0,0.0,0.0,0.0,0.0,0.827,,Not mentioned ,slow_freeze,0.0,0.0,0.0,0.0,0.0
10% DMSO + 10% FBS,0.0,10.0,0.0,10.0,0.0,0.0,0.0,0.0,0.0,0.0,0.0,0.0,0.838,,Not mentioned ,slow_freeze,0.0,0.0,0.0,0.0,0.0
10% DMSO + 90% FBS,0.0,10.0,0.0,90.0,0.0,0.0,0.0,0.0,0.0,0.0,0.0,0.0,0.902,,Not mentioned ,slow_freeze,0.0,0.0,0.0,0.0,0.0
7.5% DMSO + 2.5% PEG,0.0,7.5,0.0,0.0,0.0,0.0,0.0,0.0,0.0,0.0,0.0,0.0,0.72,,Not mentioned ,slow_freeze,0.0,0.0,0.0,2.5,0.0
7.5% DMSO + 2.5% PEG + 2% BSA,0.0,7.5,0.0,0.0,0.0,0.0,0.0,0.0,0.0,0.0,0.0,0.0,0.829,,Not mentioned ,slow_freeze,0.0,0.0,2.0,2.5,0.0
5% DMSO + 5% PEG,0.0,5.0,0.0,0.0,0.0,0.0,0.0,0.0,0.0,0.0,0.0,0.0,0.7,,Not mentioned ,slow_freeze,0.0,0.0,0.0,5.0,0.0
5% DMSO + 5% PEG + 2% BSA,0.0,5.0,0.0,0.0,0.0,0.0,0.0,0.0,0.0,0.0,0.0,0.0,0.8,,Not mentioned ,slow_freeze,0.0,0.0,2.0,5.0,0.0
5% DMSO + 2% PEG + 3% trehalose,0.0,5.0,3.0,0.0,0.0,0.0,0.0,0.0,0.0,0.0,0.0,0.0,0.56,,Not mentioned ,slow_freeze,0.0,0.0,0.0,2.0,0.0
5% DMSO + 2% PEG + 3% trehalose + 2% BSA,0.0,5.0,3.0,0.0,0.0,0.0,0.0,0.0,0.0,0.0,0.0,0.0,0.65,,Not mentioned ,slow_freeze,0.0,0.0,2.0,2.0,0.0
2.5% DMSO + 7.5% PEG,0.0,2.5,0.0,0.0,0.0,0.0,0.0,0.0,0.0,0.0,0.0,0.0,0.32,,Not mentioned ,slow_freeze,0.0,0.0,0.0,7.5,0.0
2.5% DMSO + 7.5% PEG + 2% BSA,0.0,2.5,0.0,0.0,0.0,0.0,0.0,0.0,0.0,0.0,0.0,0.0,0.38,,Not mentioned ,slow_freeze,0.0,0.0,2.0,7.5,0.0
"10% 1,2-propanediol + 2% BSA",0.0,0.0,0.0,0.0,0.0,0.0,0.0,0.0,0.0,0.0,0.0,0.0,0.68,,Not mentioned ,slow_freeze,10.0,0.0,2.0,0.0,0.0
"7.5% 1,2-propanediol + 2.5% PEG + 2% BSA",0.0,0.0,0.0,0.0,0.0,0.0,0.0,0.0,0.0,0.0,0.0,0.0,0.73,,Not mentioned ,multi_freeze,7.5,0.0,2.0,2.5,0.0
5.14% Sucrose + 2.28% Mannitol + 0.16% Creatine,0.0,0.0,0.0,0.0,5.14,0.0,0.0,2.28,0.16,0.0,0.0,0.0,,0.48,Not mentioned ,multi_freeze,0.0,0.0,0.0,0.0,0.0
2.70% Glucose + 2.28% Mannitol + 0.16% Creatine,0.0,0.0,0.0,0.0,0.0,0.0,0.0,2.28,0.16,0.0,0.0,0.0,,0.32,Not mentioned ,multi_freeze,0.0,2.7,0.0,0.0,0.0
5.14% Sucrose + 2.5% Glycerol + 0.16% Creatine,0.0,0.0,0.0,0.0,5.14,0.0,2.5,0.0,0.16,0.0,0.0,0.0,,0.62,Not mentioned ,multi_freeze,0.0,0.0,0.0,0.0,0.0
2.70% Glucose + 2.5% Glycerol + 0.16% Creatine,0.0,0.0,0.0,0.0,0.0,0.0,2.5,0.0,0.16,0.0,0.0,0.0,,0.52,Not mentioned ,multi_freeze,0.0,2.7,0.0,0.0,0.0
5.14% Sucrose + 25% Glycerol + 0.16% Creatine,0.0,0.0,0.0,0.0,5.14,0.0,25.0,0.0,0.16,0.0,0.0,0.0,0.6,,Not mentioned ,multi_freeze,0.0,0.0,0.0,0.0,0.0
2.70% Glucose + 25% Glycerol + 0.16% Creatine,0.0,0.0,0.0,0.0,0.0,0.0,25.0,0.0,0.16,0.0,0.0,0.0,0.4,,Not mentioned ,multi_freeze,0.0,2.7,0.0,0.0,0.0
5.14% Sucrose + 50% Glycerol + 0.33% Creatine,0.0,0.0,0.0,0.0,5.14,0.0,50.0,0.0,0.33,0.0,0.0,0.0,0.7,0.82,Not mentioned ,multi_freeze,0.0,0.0,0.0,0.0,0.0
10.27% Sucrose + 50% Glycerol + 0.16% Creatine,0.0,0.0,0.0,0.0,10.27,0.0,50.0,0.0,0.16,0.0,0.0,0.0,0.0,0.71,Not mentioned ,multi_freeze,0.0,0.0,0.0,0.0,0.0
1.28% Sucrose + 1.15% Mannitol + 0.17% Creatine,0.0,0.0,0.0,0.0,1.28,0.0,0.0,1.15,0.17,0.0,0.0,0.0,,0.47,Not mentioned ,multi_freeze,0.0,0.0,0.0,0.0,0.0
7.70% Sucrose + 3.42% Mannitol + 0.04% Creatine,0.0,0.0,0.0,0.0,7.7,0.0,0.0,3.42,0.04,0.0,0.0,0.0,,0.43,Not mentioned ,multi_freeze,0.0,0.0,0.0,0.0,0.0
7.68% Sucrose + 2.28% Mannitol + 0% Creatine,0.0,0.0,0.0,0.0,7.68,0.0,0.0,2.28,0.0,0.0,0.0,0.0,,0.29,Not mentioned ,multi_freeze,0.0,0.0,0.0,0.0,0.0
0% Sucrose + 1.15% Mannitol + 0.33% Creatine,0.0,0.0,0.0,0.0,0.0,0.0,0.0,1.15,0.33,0.0,0.0,0.0,,0.54,Not mentioned ,multi_freeze,0.0,0.0,0.0,0.0,0.0
2.57% Sucrose + 2.28% Mannitol + 0.04% Creatine,0.0,0.0,0.0,0.0,2.57,0.0,0.0,2.28,0.04,0.0,0.0,0.0,,0.48,Not mentioned ,multi_freeze,0.0,0.0,0.0,0.0,0.0
1.03% Sucrose + 0.46% Mannitol + 0.33% Creatine,0.0,0.0,0.0,0.0,1.03,0.0,0.0,0.46,0.33,0.0,0.0,0.0,,0.31,Not mentioned ,multi_freeze,0.0,0.0,0.0,0.0,0.0
7.68% Sucrose + 3.42% Mannitol + 0.04% Creatine,0.0,0.0,0.0,0.0,7.68,0.0,0.0,3.42,0.04,0.0,0.0,0.0,,0.46,Not mentioned ,multi_freeze,0.0,0.0,0.0,0.0,0.0
5.14% Sucrose + 1.15% Mannitol + 0.08% Creatine,0.0,0.0,0.0,0.0,5.14,0.0,0.0,1.15,0.08,0.0,0.0,0.0,,0.41,Not mentioned ,multi_freeze,0.0,0.0,0.0,0.0,0.0
0% Sucrose + 0.46% Mannitol + 0.33% Creatine,0.0,0.0,0.0,0.0,0.0,0.0,0.0,0.46,0.33,0.0,0.0,0.0,,0.52,Not mentioned ,multi_freeze,0.0,0.0,0.0,0.0,0.0
2.57% Sucrose + 1.15% Mannitol + 0.25% Creatine,0.0,0.0,0.0,0.0,2.57,0.0,0.0,1.15,0.25,0.0,0.0,0.0,,0.38,Not mentioned ,multi_freeze,0.0,0.0,0.0,0.0,0.0
0.51% Sucrose + 0% Mannitol + 0.33% Creatine,0.0,0.0,0.0,0.0,0.51,0.0,0.0,0.0,0.33,0.0,0.0,0.0,,0.29,Not mentioned ,multi_freeze,0.0,0.0,0.0,0.0,0.0
0.85% Sucrose + 1.15% Mannitol + 0.17% Creatine,0.0,0.0,0.0,0.0,0.85,0.0,0.0,1.15,0.17,0.0,0.0,0.0,,0.37,Not mentioned ,multi_freeze,0.0,0.0,0.0,0.0,0.0
5.14% Sucrose + 1.15% Mannitol + 0% Creatine,0.0,0.0,0.0,0.0,5.14,0.0,0.0,1.15,0.0,0.0,0.0,0.0,,0.22,Not mentioned ,multi_freeze,0.0,0.0,0.0,0.0,0.0
1.03% Sucrose + 0.46% Mannitol + 0.33% Creatine,0.0,0.0,0.0,0.0,1.03,0.0,0.0,0.46,0.33,0.0,0.0,0.0,,0.33,Not mentioned ,multi_freeze,0.0,0.0,0.0,0.0,0.0
10.27% Sucrose + 4.55% Mannitol + 0.04% Creatine,0.0,0.0,0.0,0.0,10.27,0.0,0.0,4.55,0.04,0.0,0.0,0.0,,0.09,Not mentioned ,multi_freeze,0.0,0.0,0.0,0.0,0.0
5.14% Sucrose + 3.42% Mannitol + 0.04% Creatine,0.0,0.0,0.0,0.0,5.14,0.0,0.0,3.42,0.04,0.0,0.0,0.0,,0.49,Not mentioned ,multi_freeze,0.0,0.0,0.0,0.0,0.0
1.03% Sucrose + 0.46% Mannitol + 0.25% Creatine,0.0,0.0,0.0,0.0,1.03,0.0,0.0,0.46,0.25,0.0,0.0,0.0,,0.2,Not mentioned ,multi_freeze,0.0,0.0,0.0,0.0,0.0
5.14% Sucrose + 0.46% Mannitol + 0.08% Creatine,0.0,0.0,0.0,0.0,5.14,0.0,0.0,0.46,0.08,0.0,0.0,0.0,,0.33,Not mentioned ,multi_freeze,0.0,0.0,0.0,0.0,0.0
0% Sucrose + 2.28% Mannitol + 0.17% Creatine,0.0,0.0,0.0,0.0,0.0,0.0,0.0,2.28,0.17,0.0,0.0,0.0,,0.32,Not mentioned ,multi_freeze,0.0,0.0,0.0,0.0,0.0
5.14% Sucrose + 1.15% Mannitol + 0.08% Creatine,0.0,0.0,0.0,0.0,5.14,0.0,0.0,1.15,0.08,0.0,0.0,0.0,,0.34,Not mentioned ,multi_freeze,0.0,0.0,0.0,0.0,0.0
1.03% Sucrose + 1.15% Mannitol + 0.33% Creatine,0.0,0.0,0.0,0.0,1.03,0.0,0.0,1.15,0.33,0.0,0.0,0.0,,0.47,Not mentioned ,multi_freeze,0.0,0.0,0.0,0.0,0.0
1.03% Sucrose + 2.28% Mannitol + 0.25% Creatine,0.0,0.0,0.0,0.0,1.03,0.0,0.0,2.28,0.25,0.0,0.0,0.0,,0.31,Not mentioned ,multi_freeze,0.0,0.0,0.0,0.0,0.0
10.27% Sucrose + 4.55% Mannitol + 0% Creatine,0.0,0.0,0.0,0.0,10.27,0.0,0.0,4.55,0.0,0.0,0.0,0.0,,0.15,Not mentioned ,multi_freeze,0.0,0.0,0.0,0.0,0.0
5.14% Sucrose + 3.42% Mannitol + 0.25% Creatine,0.0,0.0,0.0,0.0,5.14,0.0,0.0,3.42,0.25,0.0,0.0,0.0,,0.26,Not mentioned ,multi_freeze,0.0,0.0,0.0,0.0,0.0
7.70% Sucrose + 4.55% Mannitol + 0.04% Creatine,0.0,0.0,0.0,0.0,7.7,0.0,0.0,4.55,0.04,0.0,0.0,0.0,,0.19,Not mentioned ,multi_freeze,0.0,0.0,0.0,0.0,0.0
7.70% Sucrose + 6.30% Glycerol + 0% Creatine,0.0,0.0,0.0,0.0,7.7,0.0,6.3,0.0,0.0,0.0,0.0,0.0,,0.94,Not mentioned ,multi_freeze,0.0,0.0,0.0,0.0,0.0
10.27% Sucrose + 3.15% Glycerol + 0% Creatine,0.0,0.0,0.0,0.0,10.27,0.0,3.15,0.0,0.0,0.0,0.0,0.0,,0.78,Not mentioned ,multi_freeze,0.0,0.0,0.0,0.0,0.0
10.27% Sucrose + 3.15% Glycerol + 0.33% Creatine,0.0,0.0,0.0,0.0,10.27,0.0,3.15,0.0,0.33,0.0,0.0,0.0,,1.02,Not mentioned ,multi_freeze,0.0,0.0,0.0,0.0,0.0
10.27% Sucrose + 0% Glycerol + 0.33% Creatine,0.0,0.0,0.0,0.0,10.27,0.0,0.0,0.0,0.33,0.0,0.0,0.0,,0.78,Not mentioned ,multi_freeze,0.0,0.0,0.0,0.0,0.0
10.27% Sucrose + 1.57% Glycerol + 0.25% Creatine,0.0,0.0,0.0,0.0,10.27,0.0,1.57,0.0,0.25,0.0,0.0,0.0,,0.59,Not mentioned ,multi_freeze,0.0,0.0,0.0,0.0,0.0
0% Sucrose + 6.30% Glycerol + 0.25% Creatine,0.0,0.0,0.0,0.0,0.0,0.0,6.3,0.0,0.25,0.0,0.0,0.0,,0.64,Not mentioned ,multi_freeze,0.0,0.0,0.0,0.0,0.0
2.57% Sucrose + 0.63% Glycerol + 0.25% Creatine,0.0,0.0,0.0,0.0,2.57,0.0,0.63,0.0,0.25,0.0,0.0,0.0,,0.53,Not mentioned ,multi_freeze,0.0,0.0,0.0,0.0,0.0
1.03% Sucrose + 1.57% Glycerol + 0.33% Creatine,0.0,0.0,0.0,0.0,1.03,0.0,1.57,0.0,0.33,0.0,0.0,0.0,,0.36,Not mentioned ,multi_freeze,0.0,0.0,0.0,0.0,0.0
1.71% Sucrose + 0.63% Glycerol + 0.33% Creatine,0.0,0.0,0.0,0.0,1.71,0.0,0.63,0.0,0.33,0.0,0.0,0.0,,0.38,Not mentioned ,multi_freeze,0.0,0.0,0.0,0.0,0.0
2.57% Sucrose + 6.30% Glycerol + 0.04% Creatine,0.0,0.0,0.0,0.0,2.57,0.0,6.3,0.0,0.04,0.0,0.0,0.0,,0.67,Not mentioned ,multi_freeze,0.0,0.0,0.0,0.0,0.0
0% Sucrose + 6.30% Glycerol + 0.33% Creatine,0.0,0.0,0.0,0.0,0.0,0.0,6.3,0.0,0.33,0.0,0.0,0.0,,0.76,Not mentioned ,multi_freeze,0.0,0.0,0.0,0.0,0.0
5.14% Sucrose + 4.72% Glycerol + 0% Creatine,0.0,0.0,0.0,0.0,5.14,0.0,4.72,0.0,0.0,0.0,0.0,0.0,,0.68,Not mentioned ,multi_freeze,0.0,0.0,0.0,0.0,0.0
1.03% Sucrose + 0.63% Glycerol + 0.33% Creatine,0.0,0.0,0.0,0.0,1.03,0.0,0.63,0.0,0.33,0.0,0.0,0.0,,0.31,Not mentioned ,multi_freeze,0.0,0.0,0.0,0.0,0.0
7.70% Sucrose + 4.72% Glycerol + 0.08% Creatine,0.0,0.0,0.0,0.0,7.7,0.0,4.72,0.0,0.08,0.0,0.0,0.0,,0.44,Not mentioned ,multi_freeze,0.0,0.0,0.0,0.0,0.0
2.57% Sucrose + 6.30% Glycerol + 0.17% Creatine,0.0,0.0,0.0,0.0,2.57,0.0,6.3,0.0,0.17,0.0,0.0,0.0,,0.46,Not mentioned ,multi_freeze,0.0,0.0,0.0,0.0,0.0
0% Sucrose + 6.95% Glycerol + 0.31% Creatine,0.0,0.0,0.0,0.0,0.0,0.0,6.95,0.0,0.31,0.0,0.0,0.0,,1.13,Not mentioned ,multi_freeze,0.0,0.0,0.0,0.0,0.0
1.71% Sucrose + 4.72% Glycerol + 0% Creatine,0.0,0.0,0.0,0.0,1.71,0.0,4.72,0.0,0.0,0.0,0.0,0.0,,1.1,Not mentioned ,multi_freeze,0.0,0.0,0.0,0.0,0.0
7.70% Sucrose + 3.15% Glycerol + 0.17% Creatine,0.0,0.0,0.0,0.0,7.7,0.0,3.15,0.0,0.17,0.0,0.0,0.0,,0.55,Not mentioned ,multi_freeze,0.0,0.0,0.0,0.0,0.0
10.27% Sucrose + 4.72% Glycerol + 0.04% Creatine,0.0,0.0,0.0,0.0,10.27,0.0,4.72,0.0,0.04,0.0,0.0,0.0,,0.54,Not mentioned ,multi_freeze,0.0,0.0,0.0,0.0,0.0
5.14% Sucrose + 6.30% Glycerol + 0.04% Creatine,0.0,0.0,0.0,0.0,5.14,0.0,6.3,0.0,0.04,0.0,0.0,0.0,,0.43,Not mentioned ,multi_freeze,0.0,0.0,0.0,0.0,0.0
0% Sucrose + 1.57% Glycerol + 0.33% Creatine,0.0,0.0,0.0,0.0,0.0,0.0,1.57,0.0,0.33,0.0,0.0,0.0,,0.58,Not mentioned ,multi_freeze,0.0,0.0,0.0,0.0,0.0
5.14% Sucrose + 6.30% Glycerol + 0% Creatine,0.0,0.0,0.0,0.0,5.14,0.0,6.3,0.0,0.0,0.0,0.0,0.0,,0.54,Not mentioned ,multi_freeze,0.0,0.0,0.0,0.0,0.0
0% Sucrose + 0.63% Glycerol + 0.33% Creatine,0.0,0.0,0.0,0.0,0.0,0.0,0.63,0.0,0.33,0.0,0.0,0.0,,0.33,Not mentioned ,multi_freeze,0.0,0.0,0.0,0.0,0.0
5.14% Sucrose + 3.15% Glycerol + 0.08% Creatine,0.0,0.0,0.0,0.0,5.14,0.0,3.15,0.0,0.08,0.0,0.0,0.0,,0.3,Not mentioned ,multi_freeze,0.0,0.0,0.0,0.0,0.0
1.03% Sucrose + 6.30% Glycerol + 0.25% Creatine,0.0,0.0,0.0,0.0,1.03,0.0,6.3,0.0,0.25,0.0,0.0,0.0,,0.45,Not mentioned ,multi_freeze,0.0,0.0,0.0,0.0,0.0
0% Sucrose + 0.63% Glycerol + 0.33% Creatine,0.0,0.0,0.0,0.0,0.0,0.0,0.63,0.0,0.33,0.0,0.0,0.0,,0.21,Not mentioned ,multi_freeze,0.0,0.0,0.0,0.0,0.0
1.03% Sucrose + 1.57% Glycerol + 0.17% Creatine,0.0,0.0,0.0,0.0,1.03,0.0,1.57,0.0,0.17,0.0,0.0,0.0,,0.39,Not mentioned ,multi_freeze,0.0,0.0,0.0,0.0,0.0
5.14% Sucrose + 0.63% Glycerol + 0.17% Creatine,0.0,0.0,0.0,0.0,5.14,0.0,0.63,0.0,0.17,0.0,0.0,0.0,,0.68,Not mentioned ,multi_freeze,0.0,0.0,0.0,0.0,0.0
1.03% Sucrose + 6.30% Glycerol + 0.25% Creatine,0.0,0.0,0.0,0.0,1.03,0.0,6.3,0.0,0.25,0.0,0.0,0.0,,0.43,Not mentioned ,multi_freeze,0.0,0.0,0.0,0.0,0.0
1.03% Sucrose + 1.57% Glycerol + 0.33% Creatine,0.0,0.0,0.0,0.0,1.03,0.0,1.57,0.0,0.33,0.0,0.0,0.0,,0.41,Not mentioned ,multi_freeze,0.0,0.0,0.0,0.0,0.0
10 wt% PEG 400,0.0,0.0,0.0,0.0,0.0,0.0,0.0,0.0,0.0,0.0,0.0,0.0,,0.05,Not mentioned ,slow_freeze,0.0,0.0,0.0,10.0,0.0
10 wt% PEG 600,0.0,0.0,0.0,0.0,0.0,0.0,0.0,0.0,0.0,0.0,0.0,0.0,,0.05,Not mentioned ,slow_freeze,0.0,0.0,0.0,10.0,0.0
10 wt% PEG 1K,0.0,0.0,0.0,0.0,0.0,0.0,0.0,0.0,0.0,0.0,0.0,0.0,,0.35,Not mentioned ,slow_freeze,0.0,0.0,0.0,10.0,0.0
10 wt% PEG 1.5K,0.0,0.0,0.0,0.0,0.0,0.0,0.0,0.0,0.0,0.0,0.0,0.0,,0.48,Not mentioned ,slow_freeze,0.0,0.0,0.0,10.0,0.0
10 wt% PEG 5K,0.0,0.0,0.0,0.0,0.0,0.0,0.0,0.0,0.0,0.0,0.0,0.0,,0.55,Not mentioned ,slow_freeze,0.0,0.0,0.0,10.0,0.0
10 wt% PEG 10K,0.0,0.0,0.0,0.0,0.0,0.0,0.0,0.0,0.0,0.0,0.0,0.0,,0.28,Not mentioned ,slow_freeze,0.0,0.0,0.0,10.0,0.0
10 wt% PEG 20K,0.0,0.0,0.0,0.0,0.0,0.0,0.0,0.0,0.0,0.0,0.0,0.0,,0.22,Not mentioned ,slow_freeze,0.0,0.0,0.0,10.0,0.0
10% DMSO,0.0,10.0,0.0,0.0,0.0,0.0,0.0,0.0,0.0,0.0,0.0,0.0,0.25,0.7,Not mentioned ,slow_freeze,0.0,0.0,0.0,0.0,0.0
10% DMSO + 2% FBS,0.0,10.0,0.0,2.0,0.0,0.0,0.0,0.0,0.0,0.0,0.0,0.0,0.65,,65-75,slow_freeze,0.0,0.0,0.0,0.0,0.0
5% DMSO + 2% FBS,0.0,5.0,0.0,2.0,0.0,0.0,0.0,0.0,0.0,0.0,0.0,0.0,0.63,,Not mentioned ,slow_freeze,0.0,0.0,0.0,0.0,0.0
3% DMSO + 2% FBS,0.0,3.0,0.0,2.0,0.0,0.0,0.0,0.0,0.0,0.0,0.0,0.0,0.67,,130-140h,slow_freeze,0.0,0.0,0.0,0.0,0.0
5% DMSO + 0.1% HMW-HA + 2% FBS,0.0,5.0,0.0,2.0,0.0,0.0,0.0,0.0,0.0,0.0,0.0,0.0,0.75,,Not mentioned ,slow_freeze,0.0,0.0,0.1,0.0,0.0
5% DMSO + 0.2% HMW-HA + 2% FBS,0.0,5.0,0.0,2.0,0.0,0.0,0.0,0.0,0.0,0.0,0.0,0.0,0.7,,Not mentioned ,slow_freeze,0.0,0.0,0.2,0.0,0.0
3% DMSO + 0.1% HMW-HA + 2% FBS,0.0,3.0,0.0,2.0,0.0,0.0,0.0,0.0,0.0,0.0,0.0,0.0,0.7,,60-70h,slow_freeze,0.0,0.0,0.1,0.0,0.0
3% DMSO + 0.2% HMW-HA + 2% FBS,0.0,3.0,0.0,2.0,0.0,0.0,0.0,0.0,0.0,0.0,0.0,0.0,0.78,,Not mentioned ,slow_freeze,0.0,0.0,0.2,0.0,0.0
0.1% methylcellulose + 1% proline + 1% ectoin,0.0,0.0,0.0,0.0,0.0,0.0,0.0,0.0,0.0,0.0,0.0,0.0,0.68,0.24,Not mentioned ,slow_freeze,0.0,0.0,0.1,0.0,2.0
0.1% methylcellulose + 1% proline + 1% ectoin,0.0,0.0,0.0,0.0,0.0,0.0,0.0,0.0,0.0,0.0,0.0,0.0,0.76,0.64,Not mentioned ,slow_freeze,0.0,0.0,0.1,0.0,2.0
0.1% methylcellulose + 1% proline + 1% ectoin,0.0,0.0,0.0,0.0,0.0,0.0,0.0,0.0,0.0,0.0,0.0,0.0,0.66,0.47,Not mentioned ,slow_freeze,0.0,0.0,0.1,0.0,2.0
0.1% methylcellulose + 1% proline + 10% ectoin,0.0,0.0,0.0,0.0,0.0,0.0,0.0,0.0,0.0,0.0,0.0,0.0,0.62,0.52,Not mentioned ,slow_freeze,0.0,0.0,0.1,0.0,11.0
0.1% methylcellulose + 1% proline + 10% ectoin,0.0,0.0,0.0,0.0,0.0,0.0,0.0,0.0,0.0,0.0,0.0,0.0,0.81,0.78,Not mentioned ,slow_freeze,0.0,0.0,0.1,0.0,11.0
0.1% methylcellulose + 1% proline + 10% ectoin,0.0,0.0,0.0,0.0,0.0,0.0,0.0,0.0,0.0,0.0,0.0,0.0,0.66,0.81,Not mentioned ,slow_freeze,0.0,0.0,0.1,0.0,11.0
0.1% methylcellulose + 5% proline + 5% ectoin,0.0,0.0,0.0,0.0,0.0,0.0,0.0,0.0,0.0,0.0,0.0,0.0,0.65,0.38,Not mentioned ,slow_freeze,0.0,0.0,0.1,0.0,10.0
0.1% methylcellulose + 5% proline + 5% ectoin,0.0,0.0,0.0,0.0,0.0,0.0,0.0,0.0,0.0,0.0,0.0,0.0,0.86,0.57,Not mentioned ,slow_freeze,0.0,0.0,0.1,0.0,10.0
0.1% methylcellulose + 5% proline + 5% ectoin,0.0,0.0,0.0,0.0,0.0,0.0,0.0,0.0,0.0,0.0,0.0,0.0,0.84,0.64,Not mentioned ,slow_freeze,0.0,0.0,0.1,0.0,10.0
0.1% methylcellulose + 10% proline + 1% ectoin,0.0,0.0,0.0,0.0,0.0,0.0,0.0,0.0,0.0,0.0,0.0,0.0,0.58,0.19,Not mentioned ,slow_freeze,0.0,0.0,0.1,0.0,11.0
0.1% methylcellulose + 10% proline + 1% ectoin,0.0,0.0,0.0,0.0,0.0,0.0,0.0,0.0,0.0,0.0,0.0,0.0,0.67,0.27,Not mentioned ,slow_freeze,0.0,0.0,0.1,0.0,11.0
0.1% methylcellulose + 10% proline + 1% ectoin,0.0,0.0,0.0,0.0,0.0,0.0,0.0,0.0,0.0,0.0,0.0,0.0,0.7,0.22,Not mentioned ,slow_freeze,0.0,0.0,0.1,0.0,11.0
0.1% methylcellulose + 10% proline + 10% ectoin,0.0,0.0,0.0,0.0,0.0,0.0,0.0,0.0,0.0,0.0,0.0,0.0,0.68,0.48,Not mentioned ,slow_freeze,0.0,0.0,0.1,0.0,20.0
0.1% methylcellulose + 10% proline + 10% ectoin,0.0,0.0,0.0,0.0,0.0,0.0,0.0,0.0,0.0,0.0,0.0,0.0,0.72,0.72,Not mentioned ,slow_freeze,0.0,0.0,0.1,0.0,20.0
0.1% methylcellulose + 10% proline + 10% ectoin,0.0,0.0,0.0,0.0,0.0,0.0,0.0,0.0,0.0,0.0,0.0,0.0,0.72,0.64,Not mentioned ,slow_freeze,0.0,0.0,0.1,0.0,20.0
0.1% methylcellulose + 10% DMSO,0.0,10.0,0.0,0.0,0.0,0.0,0.0,0.0,0.0,0.0,0.0,0.0,0.91,0.98,Not mentioned ,slow_freeze,0.0,0.0,0.1,0.0,0.0
0.1% methylcellulose,0.0,0.0,0.0,0.0,0.0,0.0,0.0,0.0,0.0,0.0,0.0,0.0,0.38,0.12,Not mentioned ,slow_freeze,0.0,0.0,0.1,0.0,0.0
10% FCS + 5% Me2SO,0.0,5.0,0.0,10.0,0.0,0.0,0.0,0.0,0.0,0.0,0.0,0.0,0.61,,Not mentioned,slow_freeze,0.0,0.0,0.0,0.0,0.0
10% FCS + 5% Me2SO,0.0,5.0,0.0,10.0,0.0,0.0,0.0,0.0,0.0,0.0,0.0,0.0,0.73,,Not mentioned,slow_freeze,0.0,0.0,0.0,0.0,0.0
10% FCS + 10% Me2SO,0.0,10.0,0.0,10.0,0.0,0.0,0.0,0.0,0.0,0.0,0.0,0.0,0.79,,Not mentioned,slow_freeze,0.0,0.0,0.0,0.0,0.0
10% FCS + 10% Me2SO,0.0,10.0,0.0,10.0,0.0,0.0,0.0,0.0,0.0,0.0,0.0,0.0,0.82,,Not mentioned,slow_freeze,0.0,0.0,0.0,0.0,0.0
10% FCS + 10% Me2SO,0.0,10.0,0.0,10.0,0.0,0.0,0.0,0.0,0.0,0.0,0.0,0.0,0.87,,Not mentioned,multi_freeze,0.0,0.0,0.0,0.0,0.0
10% FCS + 10% Me2SO,0.0,10.0,0.0,10.0,0.0,0.0,0.0,0.0,0.0,0.0,0.0,0.0,0.88,,Not mentioned,multi_freeze,0.0,0.0,0.0,0.0,0.0
50% KnockOut Serum Replacement + 10% DMSO + 0.00034% ROCK inhibitor,0.0,10.0,0.0,0.0,0.0,0.0,0.0,0.0,0.0,0.0,0.0,0.0,0.41,,Not mentioned,slow_freeze,0.0,0.0,50.0,0.0,0.00034
50% KnockOut Serum Replacement + 10% DMSO + 0.00034% ROCK inhibitor,0.0,10.0,0.0,0.0,0.0,0.0,0.0,0.0,0.0,0.0,0.0,0.0,0.41,,Not mentioned,slow_freeze,0.0,0.0,50.0,0.0,0.00034
50% KnockOut Serum Replacement + 5% DMSO + 0.00034% ROCK Inhibitor,0.0,5.0,0.0,0.0,0.0,0.0,0.0,0.0,0.0,0.0,0.0,0.0,0.53,,Not mentioned,slow_freeze,0.0,0.0,50.0,0.0,0.00034
50% KnockOut Serum Replacement + 5% DMSO +0.00034%ROCK Inhibitor,0.0,5.0,0.0,0.0,0.0,0.0,0.0,0.0,0.0,0.0,0.0,0.0,0.62,,Not mentioned,slow_freeze,0.0,0.0,50.0,0.0,0.00034
50% KnockOut Serum Replacement + 5% DMSO + 0.00034% ROCK Inhibitor,0.0,5.0,0.0,0.0,0.0,0.0,0.0,0.0,0.0,0.0,0.0,0.0,0.31,,Not mentioned,slow_freeze,0.0,0.0,50.0,0.0,0.00034
50% KnockOut Serum Replacement + 5% DMSO + 0.00034% ROCK Inhibitor,0.0,5.0,0.0,0.0,0.0,0.0,0.0,0.0,0.0,0.0,0.0,0.0,0.23,,Not mentioned,slow_freeze,0.0,0.0,50.0,0.0,0.00034
90% FBS + 10% DMSO,0.0,10.0,0.0,90.0,0.0,0.0,0.0,0.0,0.0,0.0,0.0,0.0,0.938,,Not mentioned,slow_freeze,0.0,0.0,0.0,0.0,0.0
90% FBS + 10% DMSO,0.0,10.0,0.0,90.0,0.0,0.0,0.0,0.0,0.0,0.0,0.0,0.0,0.888,,Not mentioned,slow_freeze,0.0,0.0,0.0,0.0,0.0
90% FBS + 10% DMSO,0.0,10.0,0.0,90.0,0.0,0.0,0.0,0.0,0.0,0.0,0.0,0.0,0.884,,Not mentioned,slow_freeze,0.0,0.0,0.0,0.0,0.0
90% FBS + 10% DMSO,0.0,10.0,0.0,90.0,0.0,0.0,0.0,0.0,0.0,0.0,0.0,0.0,0.931,,Not mentioned,slow_freeze,0.0,0.0,0.0,0.0,0.0
5% DMSO + 95% plasma replacement fluid,0.0,5.0,0.0,0.0,0.0,0.0,0.0,0.0,0.0,0.0,0.0,0.0,,0.9,Not Mentioned,slow_freeze,0.0,0.0,95.0,0.0,0.0
5% trehalose + 2.5% dextran,0.0,0.0,5.0,0.0,0.0,0.0,0.0,0.0,0.0,0.0,0.0,0.0,1.0,,Not mentioned ,slow_freeze,0.0,0.0,2.5,0.0,0.0
5% trehalose + 2.5% dextran,0.0,0.0,5.0,0.0,0.0,0.0,0.0,0.0,0.0,0.0,0.0,0.0,0.8,,Not mentioned ,slow_freeze,0.0,0.0,2.5,0.0,0.0
9.2% DMSO + 7.9% acetamide + 22.5% Propylene glycol,0.0,9.2,0.0,0.0,0.0,0.0,0.0,0.0,0.0,0.0,0.0,0.0,0.77,,Not mentioned ,slow_freeze,30.4,0.0,0.0,0.0,0.0
47.6% EG + 1.71% Sucrose,47.6,0.0,0.0,0.0,1.71,0.0,0.0,0.0,0.0,0.0,0.0,0.0,0.5,,Not mentioned ,slow_freeze,0.0,0.0,0.0,0.0,0.0
47.6% EG + 10% COOH-PLL + 1.71% Sucrose,47.6,0.0,0.0,0.0,1.71,0.0,0.0,0.0,0.0,10.0,0.0,0.0,0.95,,Not mentioned ,slow_freeze,0.0,0.0,0.0,0.0,0.0
9.2% DMSO + 7.9% acetamide + 22.5% Propylene glycol,0.0,9.2,0.0,0.0,0.0,0.0,0.0,0.0,0.0,0.0,0.0,0.0,0.85,,Not mentioned ,slow_freeze,30.4,0.0,0.0,0.0,0.0
47.6% EG + 1.71% Sucrose,47.6,0.0,0.0,0.0,1.71,0.0,0.0,0.0,0.0,0.0,0.0,0.0,0.95,,Not mentioned ,slow_freeze,0.0,0.0,0.0,0.0,0.0
47.6% EG + 10% COOH-PLL + 1.71% Sucrose,47.6,0.0,0.0,0.0,1.71,0.0,0.0,0.0,0.0,10.0,0.0,0.0,1.0,,Not mentioned ,slow_freeze,0.0,0.0,0.0,0.0,0.0
9.2% DMSO + 7.9% acetamide + 22.5% Propylene glycol,0.0,9.2,0.0,0.0,0.0,0.0,0.0,0.0,0.0,0.0,0.0,0.0,0.85,,Not mentioned ,slow_freeze,30.4,0.0,0.0,0.0,0.0
47.6% EG + 1.71% Sucrose,47.6,0.0,0.0,0.0,1.71,0.0,0.0,0.0,0.0,0.0,0.0,0.0,0.98,,Not mentioned ,slow_freeze,0.0,0.0,0.0,0.0,0.0
47.6% EG + 10% COOH-PLL + 1.71% Sucrose,47.6,0.0,0.0,0.0,1.71,0.0,0.0,0.0,0.0,10.0,0.0,0.0,1.0,,Not mentioned ,slow_freeze,0.0,0.0,0.0,0.0,0.0
9.2% DMSO + 7.9% acetamide + 22.5% Propylene glycol,0.0,9.2,0.0,0.0,0.0,0.0,0.0,0.0,0.0,0.0,0.0,0.0,0.85,,Not mentioned ,slow_freeze,30.4,0.0,0.0,0.0,0.0
47.6% EG + 1.71% Sucrose,47.6,0.0,0.0,0.0,1.71,0.0,0.0,0.0,0.0,0.0,0.0,0.0,0.98,,Not mentioned ,slow_freeze,0.0,0.0,0.0,0.0,0.0
47.6% EG + 10% COOH-PLL + 1.71% Sucrose,47.6,0.0,0.0,0.0,1.71,0.0,0.0,0.0,0.0,10.0,0.0,0.0,1.0,,Not mentioned ,slow_freeze,0.0,0.0,0.0,0.0,0.0
1.71% Sucrose,0.0,0.0,0.0,0.0,1.71,0.0,0.0,0.0,0.0,0.0,0.0,0.0,0.05,,Not mentioned ,slow_freeze,0.0,0.0,0.0,0.0,0.0
3.42%  Sucrose,0.0,0.0,0.0,0.0,3.42,0.0,0.0,0.0,0.0,0.0,0.0,0.0,0.17,,Not mentioned ,slow_freeze,0.0,0.0,0.0,0.0,0.0
5.13% Sucrose,0.0,0.0,0.0,0.0,5.13,0.0,0.0,0.0,0.0,0.0,0.0,0.0,0.6,,Not mentioned ,slow_freeze,0.0,0.0,0.0,0.0,0.0
13.69%  Sucrose,0.0,0.0,0.0,0.0,13.69,0.0,0.0,0.0,0.0,0.0,0.0,0.0,0.8,,Not mentioned ,slow_freeze,0.0,0.0,0.0,0.0,0.0
1.71% Trehalose,0.0,0.0,1.71,0.0,0.0,0.0,0.0,0.0,0.0,0.0,0.0,0.0,0.03,,Not mentioned ,slow_freeze,0.0,0.0,0.0,0.0,0.0
3.42% Trehalose,0.0,0.0,3.42,0.0,0.0,0.0,0.0,0.0,0.0,0.0,0.0,0.0,0.14,,Not mentioned ,slow_freeze,0.0,0.0,0.0,0.0,0.0
5.13%Trehalose,0.0,0.0,5.13,0.0,0.0,0.0,0.0,0.0,0.0,0.0,0.0,0.0,0.62,,Not mentioned ,slow_freeze,0.0,0.0,0.0,0.0,0.0
13.69% Trehalose,0.0,0.0,13.69,0.0,0.0,0.0,0.0,0.0,0.0,0.0,0.0,0.0,0.78,,Not mentioned ,slow_freeze,0.0,0.0,0.0,0.0,0.0
1.71% Raffinose,0.0,0.0,0.0,0.0,0.0,0.0,0.0,0.0,0.0,0.0,0.0,0.0,0.07,,Not mentioned ,slow_freeze,0.0,1.71,0.0,0.0,0.0
3.42% Raffinose,0.0,0.0,0.0,0.0,0.0,0.0,0.0,0.0,0.0,0.0,0.0,0.0,0.19,,Not mentioned ,slow_freeze,0.0,3.42,0.0,0.0,0.0
5.13% Raffinose,0.0,0.0,0.0,0.0,0.0,0.0,0.0,0.0,0.0,0.0,0.0,0.0,0.75,,Not mentioned ,slow_freeze,0.0,5.13,0.0,0.0,0.0
13.69% Raffinose,0.0,0.0,0.0,0.0,0.0,0.0,0.0,0.0,0.0,0.0,0.0,0.0,0.8,,Not mentioned ,slow_freeze,0.0,13.69,0.0,0.0,0.0
10% DMSO,0.0,10.0,0.0,0.0,0.0,0.0,0.0,0.0,0.0,0.0,0.0,0.0,,0.15,Not mentioned ,slow_freeze,0.0,0.0,0.0,0.0,0.0
10% Ethylene Glycol,10.0,0.0,0.0,0.0,0.0,0.0,0.0,0.0,0.0,0.0,0.0,0.0,,0.17,Not mentioned ,slow_freeze,0.0,0.0,0.0,0.0,0.0
10% propylene glycol,0.0,0.0,0.0,0.0,0.0,0.0,0.0,0.0,0.0,0.0,0.0,0.0,,0.1,Not mentioned ,slow_freeze,10.0,0.0,0.0,0.0,0.0
10% glycerol,0.0,0.0,0.0,0.0,0.0,0.0,10.0,0.0,0.0,0.0,0.0,0.0,,0.05,Not mentioned ,slow_freeze,0.0,0.0,0.0,0.0,0.0
10% EG + 0.00034% ROCK inhibitor,10.0,0.0,0.0,0.0,0.0,0.0,0.0,0.0,0.0,0.0,0.0,0.0,,0.22,Not mentioned ,slow_freeze,0.0,0.0,0.0,0.0,0.00034
10% DMSO ,0.0,10.0,0.0,0.0,0.0,0.0,0.0,0.0,0.0,0.0,0.0,0.0,,0.44,Not mentioned ,slow_freeze,0.0,0.0,0.0,0.0,0.0
10% Ethylene Glycol ,10.0,0.0,0.0,0.0,0.0,0.0,0.0,0.0,0.0,0.0,0.0,0.0,,0.52,Not mentioned ,slow_freeze,0.0,0.0,0.0,0.0,0.0
10% propylene glycol ,0.0,0.0,0.0,0.0,0.0,0.0,0.0,0.0,0.0,0.0,0.0,0.0,,0.24,Not mentioned ,slow_freeze,10.0,0.0,0.0,0.0,0.0
10% glycerol ,0.0,0.0,0.0,0.0,0.0,0.0,10.0,0.0,0.0,0.0,0.0,0.0,,0.18,Not mentioned ,slow_freeze,0.0,0.0,0.0,0.0,0.0
10% Ethylene Glycol + 0.00034% ROCK Inhibitor ,10.0,0.0,0.0,0.0,0.0,0.0,0.0,0.0,0.0,0.0,0.0,0.0,,0.12,Not mentioned ,slow_freeze,0.0,0.0,0.0,0.0,0.00034
100% HUXUC-90011,0.0,0.0,0.0,0.0,0.0,0.0,0.0,0.0,0.0,0.0,100.0,0.0,0.02,,Not mentioned ,slow_freeze,0.0,0.0,0.0,0.0,0.0
2% betaine,0.0,0.0,0.0,0.0,0.0,0.0,0.0,0.0,0.0,0.0,0.0,0.0,0.18,,Not mentioned ,slow_freeze,0.0,0.0,0.0,0.0,2.0
4% betaine,0.0,0.0,0.0,0.0,0.0,0.0,0.0,0.0,0.0,0.0,0.0,0.0,0.3,,Not mentioned ,slow_freeze,0.0,0.0,0.0,0.0,4.0
6% betaine,0.0,0.0,0.0,0.0,0.0,0.0,0.0,0.0,0.0,0.0,0.0,0.0,0.78,,Not mentioned ,slow_freeze,0.0,0.0,0.0,0.0,6.0
8% betaine,0.0,0.0,0.0,0.0,0.0,0.0,0.0,0.0,0.0,0.0,0.0,0.0,0.84,,Not mentioned ,slow_freeze,0.0,0.0,0.0,0.0,8.0
10% betaine,0.0,0.0,0.0,0.0,0.0,0.0,0.0,0.0,0.0,0.0,0.0,0.0,0.4,,Not mentioned ,slow_freeze,0.0,0.0,0.0,0.0,10.0
10% DMSO,0.0,10.0,0.0,0.0,0.0,0.0,0.0,0.0,0.0,0.0,0.0,0.0,0.74,,Number of cells doubled in approx 3 days ,slow_freeze,0.0,0.0,0.0,0.0,0.0
10% Glycerol,0.0,0.0,0.0,0.0,0.0,0.0,10.0,0.0,0.0,0.0,0.0,0.0,0.62,,Number of cells doubled in approx 3 days ,slow_freeze,0.0,0.0,0.0,0.0,0.0
15% Glycerol,0.0,0.0,0.0,0.0,0.0,0.0,15.0,0.0,0.0,0.0,0.0,0.0,0.7,,Number of cells doubled in approx 3 days ,slow_freeze,0.0,0.0,0.0,0.0,0.0
20% Glycerol,0.0,0.0,0.0,0.0,0.0,0.0,20.0,0.0,0.0,0.0,0.0,0.0,0.58,,Number of cells doubled in approx 3 days ,slow_freeze,0.0,0.0,0.0,0.0,0.0
10% DMSO,0.0,10.0,0.0,0.0,0.0,0.0,0.0,0.0,0.0,0.0,0.0,0.0,0.76,,"Number of cells doubled in approx 3 days, before doubling again on day 4",slow_freeze,0.0,0.0,0.0,0.0,0.0
10% Glycerol,0.0,0.0,0.0,0.0,0.0,0.0,10.0,0.0,0.0,0.0,0.0,0.0,0.74,,"Number of cells doubled in approx 3 days, before doubling again on day 5",slow_freeze,0.0,0.0,0.0,0.0,0.0
15% Glycerol,0.0,0.0,0.0,0.0,0.0,0.0,15.0,0.0,0.0,0.0,0.0,0.0,0.78,,"Number of cells doubled in approx 3 days, before doubling again on day 6",slow_freeze,0.0,0.0,0.0,0.0,0.0
20% Glycerol,0.0,0.0,0.0,0.0,0.0,0.0,20.0,0.0,0.0,0.0,0.0,0.0,0.52,,"Number of cells doubled in approx 3 days, before doubling again on day 7",slow_freeze,0.0,0.0,0.0,0.0,0.0
10% PEG,0.0,0.0,0.0,0.0,0.0,0.0,0.0,0.0,0.0,0.0,0.0,0.0,0.6,0.64,Not mentioned ,slow_freeze,0.0,0.0,0.0,10.0,0.0
10% PEG + 3% Trehalose,0.0,0.0,3.0,0.0,0.0,0.0,0.0,0.0,0.0,0.0,0.0,0.0,0.82,0.82,Not mentioned ,slow_freeze,0.0,0.0,0.0,10.0,0.0
10% PEG + 3% Trehalose + 5% Dextran,0.0,0.0,3.0,0.0,0.0,0.0,0.0,0.0,0.0,0.0,0.0,0.0,0.94,0.96,Not mentioned ,slow_freeze,0.0,0.0,5.0,10.0,0.0
0% storage protein 2 + 4% DMSO,0.0,4.0,0.0,0.0,0.0,0.0,0.0,0.0,0.0,0.0,0.0,0.0,0.76,,Approx. 2 days ,slow_freeze,0.0,0.0,0.0,0.0,0.0
0% storage protein 2 + 4% DMSO,0.0,4.0,0.0,0.0,0.0,0.0,0.0,0.0,0.0,0.0,0.0,0.0,0.78,,Approx. 2 days ,slow_freeze,0.0,0.0,0.0,0.0,0.0
0.01% storage protein 2 + 4% DMSO,0.0,4.0,0.0,0.0,0.0,0.0,0.0,0.0,0.0,0.0,0.0,0.0,0.82,,Approx. 2 days ,slow_freeze,0.0,0.0,0.01,0.0,0.0
0.02% storage protein 2 + 4% DMSO,0.0,4.0,0.0,0.0,0.0,0.0,0.0,0.0,0.0,0.0,0.0,0.0,0.85,,Approx. 2 days ,slow_freeze,0.0,0.0,0.02,0.0,0.0
0.05% storage protein 2 + 4% DMSO,0.0,4.0,0.0,0.0,0.0,0.0,0.0,0.0,0.0,0.0,0.0,0.0,0.9,,Approx. 2 days ,slow_freeze,0.0,0.0,0.05,0.0,0.0
0.10% storage protein 2 + 4% DMSO,0.0,4.0,0.0,0.0,0.0,0.0,0.0,0.0,0.0,0.0,0.0,0.0,0.94,,Approx. 2 days ,slow_freeze,0.0,0.0,0.1,0.0,0.0
0.20% storage protein 2 + 4% DMSO,0.0,4.0,0.0,0.0,0.0,0.0,0.0,0.0,0.0,0.0,0.0,0.0,0.95,,Approx. 2 days ,slow_freeze,0.0,0.0,0.2,0.0,0.0
0.50% storage protein 2 + 4% DMSO,0.0,4.0,0.0,0.0,0.0,0.0,0.0,0.0,0.0,0.0,0.0,0.0,0.97,,Approx. 2 days ,slow_freeze,0.0,0.0,0.5,0.0,0.0
1.00% storage protein 2 + 4% DMSO,0.0,4.0,0.0,0.0,0.0,0.0,0.0,0.0,0.0,0.0,0.0,0.0,0.98,,Approx. 2 days ,slow_freeze,0.0,0.0,1.0,0.0,0.0
7.5% COOH-PLL,0.0,0.0,0.0,0.0,0.0,0.0,0.0,0.0,0.0,7.5,0.0,0.0,0.96,,38 hrs,slow_freeze,0.0,0.0,0.0,0.0,0.0
20% FBS + 10% DMSO,0.0,10.0,0.0,20.0,0.0,0.0,0.0,0.0,0.0,0.0,0.0,0.0,0.91,0.79,Not mentioned ,slow_freeze,0.0,0.0,0.0,0.0,0.0
20% FBS + 10% DMSO,0.0,10.0,0.0,20.0,0.0,0.0,0.0,0.0,0.0,0.0,0.0,0.0,0.85,,Not mentioned ,slow_freeze,0.0,0.0,0.0,0.0,0.0
5% DMSO + 20% FBS + 17.1% Trehalose,0.0,5.0,17.1,20.0,0.0,0.0,0.0,0.0,0.0,0.0,0.0,0.0,0.73,,Not mentioned ,slow_freeze,0.0,0.0,0.0,0.0,0.0
7% DMSO + 5% HES + 2% BSA,0.0,7.0,0.0,0.0,0.0,0.0,0.0,0.0,0.0,0.0,0.0,0.0,0.45,,Not mentioned ,slow_freeze,0.0,0.0,7.0,0.0,0.0
5% DMSO + 4% HES + 4% FBS,0.0,5.0,0.0,4.0,0.0,0.0,0.0,0.0,0.0,0.0,0.0,0.0,0.38,,Not mentioned ,slow_freeze,0.0,0.0,4.0,0.0,0.0
10% DMSO + 12% HES + 8% FBS,0.0,10.0,0.0,8.0,0.0,0.0,0.0,0.0,0.0,0.0,0.0,0.0,0.8,,Not mentioned ,slow_freeze,0.0,0.0,12.0,0.0,0.0
0.012% z-VAD-fmk + 10% DMSO + 20% FBS,0.0,10.0,0.0,20.0,0.0,0.0,0.0,0.0,0.0,0.0,0.0,0.0,0.79,,Not mentioned ,slow_freeze,0.0,0.0,0.0,0.0,0.012
90% FBS + 10% DMSO,0.0,10.0,0.0,90.0,0.0,0.0,0.0,0.0,0.0,0.0,0.0,0.0,0.9,,Not mentioned ,slow_freeze,0.0,0.0,0.0,0.0,0.0
10% Human serum + 10% DMSO + 20% hydroxychyl starch,0.0,10.0,0.0,0.0,0.0,0.0,0.0,0.0,0.0,0.0,0.0,0.0,0.6302,0.8103,38 ¬± 1.69 h,slow_freeze,0.0,0.0,30.0,0.0,0.0
3.42% Sucrose + 10% DMSO + 20% FBS,0.0,10.0,0.0,20.0,3.42,0.0,0.0,0.0,0.0,0.0,0.0,0.0,0.87,,Not mentioned ,slow_freeze,0.0,0.0,0.0,0.0,0.0
3.42% Sucrose + 10% DMSO + 20% FBS,0.0,10.0,0.0,20.0,3.42,0.0,0.0,0.0,0.0,0.0,0.0,0.0,0.76,,Not mentioned ,slow_freeze,0.0,0.0,0.0,0.0,0.0
3.42% Sucrose + 10% DMSO + 20% FBS,0.0,10.0,0.0,20.0,3.42,0.0,0.0,0.0,0.0,0.0,0.0,0.0,0.7,,Not mentioned ,slow_freeze,0.0,0.0,0.0,0.0,0.0
6.85% Trehalose + 10% DMSO + 20% FBS,0.0,10.0,6.85,20.0,0.0,0.0,0.0,0.0,0.0,0.0,0.0,0.0,0.82,,Not mentioned ,slow_freeze,0.0,0.0,0.0,0.0,0.0
6.85% Trehalose + 10% DMSO + 20% FBS,0.0,10.0,6.85,20.0,0.0,0.0,0.0,0.0,0.0,0.0,0.0,0.0,0.75,,Not mentioned ,slow_freeze,0.0,0.0,0.0,0.0,0.0
6.85% Trehalose + 10% DMSO + 20% FBS,0.0,10.0,6.85,20.0,0.0,0.0,0.0,0.0,0.0,0.0,0.0,0.0,0.66,,Not mentioned ,slow_freeze,0.0,0.0,0.0,0.0,0.0
6% HES + 5% DMSO + 4% HSA,0.0,5.0,0.0,0.0,0.0,0.0,0.0,0.0,0.0,0.0,0.0,0.0,0.7,,Not mentioned ,slow_freeze,0.0,0.0,10.0,0.0,0.0
6% HES + 5% DMSO + 4% HSA,0.0,5.0,0.0,0.0,0.0,0.0,0.0,0.0,0.0,0.0,0.0,0.0,0.6,,Not mentioned ,slow_freeze,0.0,0.0,10.0,0.0,0.0
6% HES + 5% DMSO + 4% HSA,0.0,5.0,0.0,0.0,0.0,0.0,0.0,0.0,0.0,0.0,0.0,0.0,0.55,,Not mentioned ,slow_freeze,0.0,0.0,10.0,0.0,0.0
3.42% Sucrose + 8.39% EG + 20% FBS,8.39,0.0,0.0,20.0,3.42,0.0,0.0,0.0,0.0,0.0,0.0,0.0,0.8,,Not mentioned ,slow_freeze,0.0,0.0,0.0,0.0,0.0
3.42% Sucrose + 8.39% EG + 20% FBS,8.39,0.0,0.0,20.0,3.42,0.0,0.0,0.0,0.0,0.0,0.0,0.0,0.71,,Not mentioned ,slow_freeze,0.0,0.0,0.0,0.0,0.0
3.42% Sucrose + 8.39% EG + 20% FBS,8.39,0.0,0.0,20.0,3.42,0.0,0.0,0.0,0.0,0.0,0.0,0.0,0.65,,Not mentioned ,slow_freeze,0.0,0.0,0.0,0.0,0.0
10% DMSO + 20% FBS,0.0,10.0,0.0,20.0,0.0,0.0,0.0,0.0,0.0,0.0,0.0,0.0,0.85,,Not mentioned ,slow_freeze,0.0,0.0,0.0,0.0,0.0
10% DMSO + 20% FBS,0.0,10.0,0.0,20.0,0.0,0.0,0.0,0.0,0.0,0.0,0.0,0.0,0.78,,Not mentioned ,slow_freeze,0.0,0.0,0.0,0.0,0.0
10% DMSO + 20% FBS,0.0,10.0,0.0,20.0,0.0,0.0,0.0,0.0,0.0,0.0,0.0,0.0,0.67,,Not mentioned ,slow_freeze,0.0,0.0,0.0,0.0,0.0
1.37% sucrose + 5% glycerol + 0.11% isoleucine + 2% albumin ,0.0,0.0,0.0,0.0,1.37,0.0,5.0,0.0,0.0,0.0,0.0,0.0,1.0,,Not mentioned ,slow_freeze,0.0,0.0,2.0,0.0,0.11
7.5% DMSO,0.0,7.5,0.0,0.0,0.0,0.0,0.0,0.0,0.0,0.0,0.0,0.0,0.05,,Not mentioned ,slow_freeze,0.0,0.0,0.0,0.0,0.0
Human serum albumin + 20% DMSO,0.0,20.0,0.0,0.0,0.0,0.0,0.0,0.0,0.0,0.0,0.0,0.0,0.948,,Not mentioned ,slow_freeze,0.0,0.0,0.0,0.0,0.0
40% Ethylene Glycol + 18% Ficoll 70 + 10.27% Sucrose + 20% FBS,40.0,0.0,0.0,20.0,10.27,0.0,0.0,0.0,0.0,0.0,0.0,0.0,0.843,,"Post-thaw: Average 3.4 days (Passage 3 to 14), comparable to non-cryopreserved HAMs (3.3 days)",slow_freeze,0.0,0.0,18.0,0.0,0.0
6% Hydroxyethyl Starch,0.0,0.0,0.0,0.0,0.0,0.0,0.0,0.0,0.0,0.0,0.0,0.0,0.65,0.73,Not mentioned ,slow_freeze,0.0,0.0,6.0,0.0,0.0
6% Hydroxyethyl Starch,0.0,0.0,0.0,0.0,0.0,0.0,0.0,0.0,0.0,0.0,0.0,0.0,0.65,0.77,Not mentioned ,slow_freeze,0.0,0.0,6.0,0.0,0.0
10% Glycerol + 10% FBS + 0.58% L-Glutamine + 0.005% Pen-Strep + 0.0005% Insulin + 0.00004% Hydrocortisone + 0.024% Adenine + 0.00081% Cholera toxin + 0.00013% T3 + 0.001% EGF,0.0,0.0,0.0,10.0,0.0,0.0,10.0,0.0,0.0,0.0,0.0,0.0,0.606,,Not mentioned ,slow_freeze,0.0,0.0,0.0,0.0,0.6114799999999999
10% DMSO + 10% FBS + 0.58% L-Glutamine + 0.005% Pen-Strep + 0.0005% Insulin + 0.00004% Hydrocortisone + 0.024% Adenine + 0.00081% Cholera toxin + 0.00013% T3 + 0.001% EGF,0.0,10.0,0.0,10.0,0.0,0.0,0.0,0.0,0.0,0.0,0.0,0.0,0.799,,Not mentioned ,slow_freeze,0.0,0.0,0.0,0.0,0.6114799999999999
95% FBS + 5% DMSO,0.0,5.0,0.0,95.0,0.0,0.0,0.0,0.0,0.0,0.0,0.0,0.0,0.685,,Not measured ,slow_freeze,0.0,0.0,0.0,0.0,0.0
92.5% FBS + 7.5% DMSO,0.0,7.5,0.0,92.5,0.0,0.0,0.0,0.0,0.0,0.0,0.0,0.0,0.695,,Not measured ,slow_freeze,0.0,0.0,0.0,0.0,0.0
90% FBS + 10% DMSO,0.0,10.0,0.0,90.0,0.0,0.0,0.0,0.0,0.0,0.0,0.0,0.0,0.735,,Not measured ,slow_freeze,0.0,0.0,0.0,0.0,0.0
95% FBS + 5% Ethylene Glycol,5.0,0.0,0.0,95.0,0.0,0.0,0.0,0.0,0.0,0.0,0.0,0.0,0.696,,Not measured ,slow_freeze,0.0,0.0,0.0,0.0,0.0
92.5% FBS + 7.5% Ethylene Glycol,7.5,0.0,0.0,92.5,0.0,0.0,0.0,0.0,0.0,0.0,0.0,0.0,0.72,,Not measured ,slow_freeze,0.0,0.0,0.0,0.0,0.0
90% FBS + 10% Ethylene Glycol,10.0,0.0,0.0,90.0,0.0,0.0,0.0,0.0,0.0,0.0,0.0,0.0,0.738,,Not measured ,slow_freeze,0.0,0.0,0.0,0.0,0.0
95% FBS + 5% Glycerol,0.0,0.0,0.0,95.0,0.0,0.0,5.0,0.0,0.0,0.0,0.0,0.0,0.424,,Not measured ,slow_freeze,0.0,0.0,0.0,0.0,0.0
92.5% FBS + 7.5% Glycerol,0.0,0.0,0.0,92.5,0.0,0.0,7.5,0.0,0.0,0.0,0.0,0.0,0.476,,Not measured ,slow_freeze,0.0,0.0,0.0,0.0,0.0
90% FBS + 10% Glycerol,0.0,0.0,0.0,90.0,0.0,0.0,10.0,0.0,0.0,0.0,0.0,0.0,0.521,,Not measured ,slow_freeze,0.0,0.0,0.0,0.0,0.0
2% human serum + 10% DMSO ,0.0,10.0,0.0,0.0,0.0,0.0,0.0,0.0,0.0,0.0,0.0,0.0,0.88,,1.0 ¬± 0.1 days (at passage 3),slow_freeze,0.0,0.0,2.0,0.0,0.0
4% human serum + 10% DMSO,0.0,10.0,0.0,0.0,0.0,0.0,0.0,0.0,0.0,0.0,0.0,0.0,0.927,,1.0 ¬± 0.1 days (at passage 3),slow_freeze,0.0,0.0,4.0,0.0,0.0
90% human serum + 10% DMSO,0.0,10.0,0.0,0.0,0.0,0.0,0.0,0.0,0.0,0.0,0.0,0.0,0.9,,1.0 ¬± 0.1 days (at passage 3),slow_freeze,0.0,0.0,90.0,0.0,0.0
10% DMSO + 80% FBS + 10% DMEM,0.0,10.0,0.0,80.0,0.0,0.0,0.0,0.0,0.0,0.0,0.0,10.0,0.811,,not mention,slow_freeze,0.0,0.0,0.0,0.0,0.0
6.85% sucrose ,0.0,0.0,0.0,0.0,6.85,0.0,0.0,0.0,0.0,0.0,0.0,0.0,0.6,,not mention,slow_freeze,0.0,0.0,0.0,0.0,0.0
6.85% sucrose + 1% DMSO,0.0,1.0,0.0,0.0,6.85,0.0,0.0,0.0,0.0,0.0,0.0,0.0,0.77,,not mention,slow_freeze,0.0,0.0,0.0,0.0,0.0
6.85% sucrose + 2% DMSO,0.0,2.0,0.0,0.0,6.85,0.0,0.0,0.0,0.0,0.0,0.0,0.0,0.79,,not mention,slow_freeze,0.0,0.0,0.0,0.0,0.0
6.85% sucrose + 5% DMSO,0.0,5.0,0.0,0.0,6.85,0.0,0.0,0.0,0.0,0.0,0.0,0.0,0.83,,not mention,slow_freeze,0.0,0.0,0.0,0.0,0.0
6.85% sucrose + 10% DMSO,0.0,10.0,0.0,0.0,6.85,0.0,0.0,0.0,0.0,0.0,0.0,0.0,0.87,,not mention,slow_freeze,0.0,0.0,0.0,0.0,0.0
0.34% trehalose,0.0,0.0,0.34,0.0,0.0,0.0,0.0,0.0,0.0,0.0,0.0,0.0,0.06,,not mention,slow_freeze,0.0,0.0,0.0,0.0,0.0
1.71% trehalose,0.0,0.0,1.71,0.0,0.0,0.0,0.0,0.0,0.0,0.0,0.0,0.0,0.13,,not mention,slow_freeze,0.0,0.0,0.0,0.0,0.0
3.42% trehalose,0.0,0.0,3.42,0.0,0.0,0.0,0.0,0.0,0.0,0.0,0.0,0.0,0.4,,not mention,slow_freeze,0.0,0.0,0.0,0.0,0.0
8.55% trehalose,0.0,0.0,8.55,0.0,0.0,0.0,0.0,0.0,0.0,0.0,0.0,0.0,0.72,,not mention,slow_freeze,0.0,0.0,0.0,0.0,0.0
